project_uid,sample_type,creation_date,creation_year
117,genomic,5/15/2012,2012
136,genomic prep,6/5/2012,2012
126,RNAseq,5/31/2012,2012
127,RNAseq,5/31/2012,2012
129,Nugen Encore,5/31/2012,2012
96,custom,4/3/2012,2012
118,exome,5/15/2012,2012
111,RNASeq,4/17/2012,2012
122,genomic prep,5/23/2012,2012
87,RNASeq (NuGEN),2/27/2012,2012
98,aptamer,4/9/2012,2012
123,exome,5/24/2012,2012
115,mate-pair,5/9/2012,2012
93,NuGen Ovation RNASeq,3/27/2012,2012
134,RNAseq,6/1/2012,2012
139,exome,6/5/2012,2012
147,miRNASeq,6/8/2012,2012
120,genomic prep,5/21/2012,2012
101,tRNA - directional rna prep,4/9/2012,2012
85,genomic prep,2/23/2012,2012
137,unknown,6/5/2012,2012
116,ChipSeq,5/10/2012,2012
161,RNASeq,7/2/2012,2012
95,ChipSeq,4/2/2012,2012
150,RNAseq,6/19/2012,2012
146,RNASeq NUGEN,6/8/2012,2012
166,RNASeq,7/17/2012,2012
157,RNASeq,6/27/2012,2012
140,exome,6/6/2012,2012
160,RNASeq_TruSeq,7/2/2012,2012
159,RNASeq,7/2/2012,2012
223,miRNA,11/1/2012,2012
121,RNASeq (NuGEN),5/22/2012,2012
174,unknown,7/31/2012,2012
171,exome,7/26/2012,2012
124,RNASeq (NuGEN),5/29/2012,2012
156,ChIPSeq,6/26/2012,2012
112,RNASeq (NuGEN),4/20/2012,2012
169,RNASeq,7/18/2012,2012
178,RNASeq (NuGEN),8/9/2012,2012
148,RNAseq,6/19/2012,2012
177,custom,8/9/2012,2012
168,ChIPSeq,7/17/2012,2012
144,miRNA,6/7/2012,2012
170,ChIPSeq,7/26/2012,2012
186,RNASeq_TruSeq,8/29/2012,2012
165,exome,7/11/2012,2012
179,FAIRE-Seq,8/9/2012,2012
233,RNAseq,11/12/2012,2012
210,RNAseq,10/3/2012,2012
234,exome,11/12/2012,2012
155,RNASeq_NUGEN,6/26/2012,2012
185,genomic prep,8/28/2012,2012
194,methylseq capture,9/6/2012,2012
173,genomic prep,7/31/2012,2012
158,genomic prep,7/2/2012,2012
193,exome,9/5/2012,2012
175,RNAseq,8/2/2012,2012
145,RNASeq,6/8/2012,2012
203,RNAseq,9/13/2012,2012
195,TBD,9/6/2012,2012
198,directional RNASeq,9/10/2012,2012
205,PCR_prep,9/17/2012,2012
172,exome,7/26/2012,2012
206,RNAseq,9/17/2012,2012
202,genomic_prep,9/12/2012,2012
192,RNASeq_TruSeq,9/5/2012,2012
191,RNASeq,9/5/2012,2012
190,rnaseq,9/4/2012,2012
189,mate_pair,9/4/2012,2012
135,directional RNASeq,6/1/2012,2012
183,RNASeq,8/16/2012,2012
184,DNA,8/28/2012,2012
187,RNASeq,8/29/2012,2012
200,RNAseq,9/12/2012,2012
204,PCR_prep,9/14/2012,2012
201,RNAseq,9/12/2012,2012
218,RNAseq,10/26/2012,2012
211,exome,10/5/2012,2012
212,ChIPSeq,10/5/2012,2012
238,unknown,12/5/2012,2012
241,Exome,12/6/2012,2012
207,custom,9/26/2012,2012
216,RNAseq,10/24/2012,2012
239,unknown,12/5/2012,2012
220,ChIPSeq,10/31/2012,2012
222,RNAseq,11/1/2012,2012
232,unknown,11/12/2012,2012
231,gDNA,11/12/2012,2012
225,unknown,11/2/2012,2012
240,unknown,12/6/2012,2012
235,RIPseq,11/20/2012,2012
229,NuGen-RNAseq,11/5/2012,2012
237,genomic,12/4/2012,2012
221,RIPSeq,11/1/2012,2012
242,Exome,12/7/2012,2012
230,ChIPseq,11/7/2012,2012
250,RNAseq,12/28/2012,2012
209,RNAse,10/1/2012,2012
249,RNASeq_NUGEN,12/28/2012,2012
247,ChIPSeq,12/21/2012,2012
243,RNAseq,12/12/2012,2012
248,rasl,12/21/2012,2012
226,genomic_prep,11/5/2012,2012
227,miRNA,11/5/2012,2012
244,amplicon,12/12/2012,2012
259,custom,1/16/2013,2013
246,genomic_prep,12/20/2012,2012
267,RNA-Seq,1/25/2013,2013
251,RNAseq-Stranded mRNA,1/2/2013,2013
236,CHiPseq,11/20/2012,2012
256,exome_custom,1/15/2013,2013
264,exome,1/24/2013,2013
266,miRNA,1/25/2013,2013
261,FAIRE Seq,1/23/2013,2013
265,TBD,1/24/2013,2013
254,RNAseq,1/10/2013,2013
263,miRNA-Seq,1/24/2013,2013
262,ChIP-Seq,1/23/2013,2013
255,Truseq-RNAseq,1/11/2013,2013
276,miRNASeq,2/8/2013,2013
282,exome,2/21/2013,2013
283,RNAseq,2/21/2013,2013
274,custom,2/8/2013,2013
269,shRNA,1/30/2013,2013
277,miRNASeq,2/8/2013,2013
273,ChIP-Seq,2/7/2013,2013
278,genomic,2/8/2013,2013
257,miRNASeq,1/15/2013,2013
275,RNASeq_NUGEN,2/8/2013,2013
285,RNA-Seq(non-PolyA),2/22/2013,2013
253,genomic,1/10/2013,2013
292,custom,3/1/2013,2013
291,RNA-Seq,2/28/2013,2013
287,RNAseq-Stranded mRNA,2/22/2013,2013
271,miRNA,2/4/2013,2013
279,RNAseq,2/11/2013,2013
289,RNASeq_NUGEN,2/22/2013,2013
258,RIPSeq,1/15/2013,2013
286,TBD,2/22/2013,2013
252,RNAseq,1/10/2013,2013
260,ChIPSeq,1/22/2013,2013
294,small RNA adapters,3/8/2013,2013
293,ChIP-Seq,3/8/2013,2013
302,MethylSeqCapture,3/21/2013,2013
300,Exome,3/21/2013,2013
301,MatePair,3/21/2013,2013
281,ChIPSeq,2/20/2013,2013
296,RIPseq,3/14/2013,2013
297,miRNA-Seq,3/15/2013,2013
208,RNAseq,9/27/2012,2012
280,RNAseq-NuGenDR,2/12/2013,2013
308,gDNA,3/26/2013,2013
270,RNAseq,2/1/2013,2013
298,RNAseq-NuGenDR,3/15/2013,2013
303,RNAseq,3/22/2013,2013
313,ChIPseq,4/4/2013,2013
319,miR-Trap_miRNA-Seq,4/24/2013,2013
295,RNAseq-Stranded mRNA,3/12/2013,2013
305,ChIP-Seq,3/25/2013,2013
311,Nextera_dual,4/4/2013,2013
310,unknown,4/1/2013,2013
306,RNAseq,3/26/2013,2013
320,shRNA,4/24/2013,2013
272,RNAseq,2/4/2013,2013
317,Exome,4/16/2013,2013
315,RNAseq,4/9/2013,2013
307,RNAseq,3/26/2013,2013
316,RNAseq,4/12/2013,2013
318,exome,4/17/2013,2013
314,mRNA-RNASeq,4/4/2013,2013
327,Clip_Seq,5/9/2013,2013
328,genomic,5/9/2013,2013
333,miRNA-Seq,5/16/2013,2013
329,RNAseq,5/9/2013,2013
321,ChIPSeq,4/24/2013,2013
338,shRNA,5/24/2013,2013
339,shRNA,5/24/2013,2013
335,mirTRAP,5/22/2013,2013
299,RNAseq,3/19/2013,2013
341,miRNASeq,5/24/2013,2013
334,exome,5/20/2013,2013
331,RNAseq,5/10/2013,2013
343,vipul,6/3/2013,2013
330,ChIPSeq,5/9/2013,2013
288,RNAseq,2/22/2013,2013
312,RNAseq,4/4/2013,2013
351,custom,6/14/2013,2013
352,RNA-Seq(PolyA),6/14/2013,2013
325,genomic_prep,5/3/2013,2013
353,RNAseq,6/14/2013,2013
355,NuGen_RNAseq,6/18/2013,2013
346,RNAseq,6/13/2013,2013
322,genomic_prep,4/24/2013,2013
342,RNAseq,5/28/2013,2013
364,exome,6/28/2013,2013
358,custom,6/21/2013,2013
357,shRNA,6/21/2013,2013
336,RNAseq,5/23/2013,2013
323,RNAseq,4/26/2013,2013
326,ChIPSeq,5/3/2013,2013
349,ChIPSeq,6/13/2013,2013
366,RNA-Seq_Ribo_minus,7/3/2013,2013
348,ChIPSeq,6/13/2013,2013
365,Clip_Seq,7/3/2013,2013
363,shRNA,6/28/2013,2013
354,exome,6/17/2013,2013
347,mate_pair,6/13/2013,2013
368,RNA-Seq_Ribo_minus,7/11/2013,2013
370,Custom,7/18/2013,2013
367,RNAseq,7/3/2013,2013
345,RNA-Seq_Ribo_minus,6/7/2013,2013
372,shRNA,7/22/2013,2013
379,genomic_prep_of_cDNA,7/29/2013,2013
382,RNAseq-NuGenDR,7/31/2013,2013
359,RNAseq,6/24/2013,2013
383,ChIP-Seq,7/31/2013,2013
361,miRNA,6/26/2013,2013
371,Custom,7/19/2013,2013
360,miRNA,6/24/2013,2013
381,RNAseq-NuGenDR,7/31/2013,2013
377,PCR_amplicon,7/25/2013,2013
399,RNASeq_Ribominus,8/28/2013,2013
378,CLIPSeq,7/26/2013,2013
397,RIP Seq,8/28/2013,2013
391,shRNA,8/14/2013,2013
374,RNAseq,7/25/2013,2013
392,ChIPSeq,8/14/2013,2013
387,RNAseq,8/8/2013,2013
386,RNAseq,8/6/2013,2013
390,RNAseq,8/13/2013,2013
389,RNAseq,8/12/2013,2013
406,miRNA-Seq,9/6/2013,2013
407,Custom,9/6/2013,2013
398,RNAseq,8/28/2013,2013
396,CHiPseq,8/27/2013,2013
403,RNA Seq,9/6/2013,2013
404,RNA Seq_SMARTerSeq,9/6/2013,2013
394,genomic_prep_of_cDNA,8/14/2013,2013
413,RNAseq,9/16/2013,2013
393,RNAseq,8/14/2013,2013
409,RNAseq,9/11/2013,2013
405,miRNA-Seq,9/6/2013,2013
408,RNAseq,9/9/2013,2013
424,Custom,9/27/2013,2013
411,RNAseq,9/16/2013,2013
423,miRNASeq,9/27/2013,2013
416,ChIPSeq,9/19/2013,2013
420,genomic_prep_of_cDNA,9/24/2013,2013
384,Custom,7/31/2013,2013
402,ChIPSeq,9/3/2013,2013
428,ChIPSeq,10/3/2013,2013
373,RNAseq,7/24/2013,2013
432,Midi Prep,10/15/2013,2013
433,Midi Prep,10/15/2013,2013
421,RNAseq,9/27/2013,2013
417,RNAseq,9/19/2013,2013
410,RNA-Seq_Ribo_minus,9/12/2013,2013
419,genomic_prep,9/20/2013,2013
439,Custom,10/18/2013,2013
414,RNAseq,9/16/2013,2013
448,genomic,10/31/2013,2013
435,RNAseq,10/17/2013,2013
436,RNAseq,10/17/2013,2013
437,ChIPSeq,10/17/2013,2013
430,miRNA,10/9/2013,2013
429,RNAseq,10/9/2013,2013
434,RNAseq,10/16/2013,2013
441,RNAseq,10/21/2013,2013
447,HBT RNA,10/31/2013,2013
431,ChIP-Seq,10/15/2013,2013
427,razzle,10/1/2013,2013
453,ChIPSeq,11/19/2013,2013
438,RNASeq,10/17/2013,2013
446,RNAseq,10/29/2013,2013
456,miRNA,11/22/2013,2013
444,RNAseq,10/25/2013,2013
457,genomc,11/22/2013,2013
458,genomic,11/22/2013,2013
466,Decipher mouse RNAi library,12/6/2013,2013
460,genomic,11/26/2013,2013
450,miRNA,11/4/2013,2013
451,RNASeq,11/18/2013,2013
461,RNASeq,12/2/2013,2013
462,RNASeq,12/2/2013,2013
443,RNAseq,10/24/2013,2013
455,spike_in,11/21/2013,2013
459,exome,11/26/2013,2013
442,No_Amp_GenPrep,10/22/2013,2013
454,RNASeq,11/19/2013,2013
469,RNASeq,12/11/2013,2013
482,smallRNA,1/17/2014,2014
484,custom,1/21/2014,2014
472,RNASeq,1/3/2014,2014
479,miRNA-Seq,1/15/2014,2014
474,MeRIPSeq,1/6/2014,2014
468,RIPSeq,12/11/2013,2013
480,miRNA-Seq,1/15/2014,2014
475,ChIPSeq,1/9/2014,2014
465,RNASeq,12/4/2013,2013
471,RIPSeq,12/27/2013,2013
492,RNA-Seq_Ribo_minus,2/14/2014,2014
493,RNASeq_clonetech,2/14/2014,2014
486,RNASeq,1/27/2014,2014
488,genomicprep,2/3/2014,2014
497,capture,2/24/2014,2014
481,ChIPSeq,1/15/2014,2014
495,ChIPSeq,2/21/2014,2014
473,exome_prep,1/6/2014,2014
464,rRNA,12/4/2013,2013
489,RNASeq,2/4/2014,2014
476,RNASeq,1/10/2014,2014
502,RNA-Seq_Ribo_minus,3/5/2014,2014
499,RNAseq,3/5/2014,2014
498,ChIPSeq,2/25/2014,2014
496,RNAseq,2/21/2014,2014
501,RNAseq,3/5/2014,2014
515,sythhetic_miRNA,4/3/2014,2014
514,RNA Seq_SMARTerSeq,4/3/2014,2014
509,ChIPseq,3/20/2014,2014
500,RNAseq,3/5/2014,2014
494,RNAseq,2/21/2014,2014
512,RNA-Seq_Ribo_minus,4/1/2014,2014
752,ChIPSeq,7/10/2015,2015
2158,QuantSeq mRNA,1/9/2020,2020
749,gDNA,7/2/2015,2015
767,RNA Seq,8/6/2015,2015
772,RNAseq_PolyA,8/11/2015,2015
511,RNA-Seq_Poly-A,3/31/2014,2014
507,RNAseq,3/19/2014,2014
520,RNASeq_PolyA,4/16/2014,2014
519,RNA_Click_Chemistry,4/16/2014,2014
505,Ribosomal_Footprint,3/17/2014,2014
513,custom,4/1/2014,2014
522,RNA-Seq_Ribo_minus,4/17/2014,2014
751,custom,7/7/2015,2015
529,Smarter,5/6/2014,2014
516,exome,4/3/2014,2014
449,genomic_prep_of_cDNA,11/4/2013,2013
510,genomic,3/25/2014,2014
523,SMARTer,4/21/2014,2014
521,miRNAseq,4/17/2014,2014
536,custom,5/15/2014,2014
524,RNASeq,4/23/2014,2014
525,RNAseq,4/23/2014,2014
526,ChIPSeq,4/28/2014,2014
508,RNASeq,3/20/2014,2014
506,RNA,3/18/2014,2014
530,Custom,5/7/2014,2014
756,miRNASeq,7/13/2015,2015
761,RNA-Seq_Ribo_minus,7/28/2015,2015
768,miRNA,8/7/2015,2015
775,RNA Seq,8/14/2015,2015
748,RNA-Seq_Ribo_minus,7/1/2015,2015
734,RNASeq,6/8/2015,2015
548,RNA-Seq_Ribo_minus,6/27/2014,2014
551,miRNA-Seq,7/11/2014,2014
552,RNA-Seq_Ribo_minus,7/11/2014,2014
544,RNA-Seq_Poly-A,6/18/2014,2014
553,RNA-Seq_Ribo_minus,7/11/2014,2014
545,RNAseq,6/23/2014,2014
547,RNA-Seq_Ribo_minus,6/27/2014,2014
541,ChIRPseq,6/10/2014,2014
554,Custom,7/11/2014,2014
542,miRNA,6/17/2014,2014
557,RNAseq,7/17/2014,2014
560,Ribosomal_Footprint,7/24/2014,2014
566,miRNA-Seq,7/31/2014,2014
559,amplicon,7/24/2014,2014
558,ChIPseq,7/18/2014,2014
556,ChIPseq,7/14/2014,2014
533,genomic,5/12/2014,2014
535,Ovation RNA seq kit,5/14/2014,2014
531,exome,5/7/2014,2014
753,RNA-Seq_Ribo_minus,7/13/2015,2015
546,RNASeq_Ribominus_ScriptSeq,6/26/2014,2014
732,RNA Seq,6/2/2015,2015
2149,ENDseq,12/27/2019,2019
562,RIPSeq,7/28/2014,2014
758,RNAseq_PolyA,7/22/2015,2015
765,RNAseq,8/3/2015,2015
777,ChIP-Seq,8/19/2015,2015
574,RNAseq,9/10/2014,2014
2148,CHIPseq,12/27/2019,2019
755,RNAseq_PolyA,7/13/2015,2015
561,microRNA,7/25/2014,2014
555,RNA Seq,7/14/2014,2014
540,RNASeq,6/10/2014,2014
572,RNAseq,8/20/2014,2014
576,Custom,9/12/2014,2014
577,Not entered for this sample.,9/12/2014,2014
570,RNAseq,8/18/2014,2014
571,ChIPseq,8/19/2014,2014
573,RNAseq,9/10/2014,2014
584,miRNA,9/25/2014,2014
582,RNASeq_PolyA,9/25/2014,2014
585,Not entered for this sample.,9/26/2014,2014
583,miRNA,9/25/2014,2014
588,genomic,10/3/2014,2014
594,RNA Seq_SMARTerSeq,10/17/2014,2014
599,RNA-Seq_Ribo_minus,11/5/2014,2014
586,RNAseq,9/29/2014,2014
578,exome,9/19/2014,2014
581,RNAseq,9/25/2014,2014
589,No Amp,10/8/2014,2014
579,No Amp,9/23/2014,2014
597,miRNA,11/5/2014,2014
600,Ribosomal_Footprint,11/5/2014,2014
601,Custom,11/5/2014,2014
595,SMARTer,10/17/2014,2014
592,RNA-Seq_Ribo_minus,10/16/2014,2014
598,RNA-Seq_Ribo_minus,11/5/2014,2014
590,Exome,10/9/2014,2014
593,amplicon,10/16/2014,2014
580,RNAseq,9/23/2014,2014
608,RNA Seq_SMARTerSeq,11/14/2014,2014
602,RNAseq_PolyA,11/11/2014,2014
613,TBD,11/21/2014,2014
607,RNASeq_Ribominus,11/14/2014,2014
603,RNA-Seq_Ribo_minus,11/11/2014,2014
606,RNASeq_Ribominus,11/13/2014,2014
612,ChIPseq,11/20/2014,2014
609,amplicon,11/18/2014,2014
604,RNA-Seq_Ribo_minus,11/11/2014,2014
615,miRNASeq,11/21/2014,2014
618,RNA-Seq_Ribo_minus,12/12/2014,2014
611,RNA-Seq_Ribo_minus,11/19/2014,2014
619,iGenomics_RNASeq,12/12/2014,2014
623,RIPSeq,12/16/2014,2014
617,RNA-Seq_Ribo_minus,12/5/2014,2014
627,CLIPSeq,12/19/2014,2014
620,iGenomics_RNASeq,12/12/2014,2014
616,amplicon,12/3/2014,2014
631,ChIPSeq SMART,12/23/2014,2014
630,Not entered for this sample.,12/23/2014,2014
629,cDNA_NuGen,12/23/2014,2014
624,RNAseq,12/16/2014,2014
628,RNAseq,12/23/2014,2014
636,miRNA,1/13/2015,2015
634,ChIPSeq,1/9/2015,2015
633,RNAseq,1/5/2015,2015
641,RNA-Seq_Ribo_minus,1/16/2015,2015
638,RNAseq_PolyA,1/15/2015,2015
632,RNAseq,1/5/2015,2015
635,RNASeq_PolyA,1/12/2015,2015
646,Custom,1/16/2015,2015
647,Custom,1/16/2015,2015
643,Custom,1/16/2015,2015
644,Custom,1/16/2015,2015
640,miRNA,1/15/2015,2015
656,gDNA,2/13/2015,2015
649,RNA-Seq_Ribo_minus,1/28/2015,2015
614,No Amp,11/21/2014,2014
639,RNAseq,1/15/2015,2015
637,RNAseq_PolyA,1/14/2015,2015
652,RNA-Seq_Ribo_minus,2/5/2015,2015
651,RNAseq,2/3/2015,2015
650,amplicon,2/2/2015,2015
666,gDNA,2/26/2015,2015
648,RNA-Seq_Ribo_minus,1/20/2015,2015
665,custom,2/26/2015,2015
759,RNAseq,7/23/2015,2015
658,RNAseq,2/17/2015,2015
669,RNAseq,3/2/2015,2015
670,RNAseq_PolyA,3/3/2015,2015
659,genomic prep,2/18/2015,2015
674,RNAseq,3/16/2015,2015
661,RNAseq,2/20/2015,2015
653,RNA-Seq_Ribo_minus,2/6/2015,2015
654,RNA-Seq_Ribo_minus,2/6/2015,2015
664,RNAseq_PolyA,2/24/2015,2015
677,RNA Seq_SMARTerSeq,3/17/2015,2015
679,custom,3/18/2015,2015
660,RNA-Seq_Ribo_minus,2/19/2015,2015
673,RNAseq_globinclear,3/10/2015,2015
791,RNA Seq,9/18/2015,2015
680,genomic prep,3/18/2015,2015
682,RNAseq,3/20/2015,2015
683,RNAseq,3/23/2015,2015
678,exome,3/17/2015,2015
675,RNAseq,3/17/2015,2015
672,chipseq,3/10/2015,2015
663,RNAseq,2/23/2015,2015
686,custom,4/3/2015,2015
676,RNAseq,3/17/2015,2015
701,RNA-Seq_Ribo_minus,4/10/2015,2015
689,RNAseq,4/8/2015,2015
687,unknown,4/7/2015,2015
684,RNAseq,3/25/2015,2015
704,RNASeq,4/16/2015,2015
691,RNAseq,4/8/2015,2015
708,RNA-Seq_Ribo_minus,4/20/2015,2015
707,gDNA,4/20/2015,2015
681,RNAseq,3/19/2015,2015
690,RNAseq,4/8/2015,2015
705,RNASeq,4/16/2015,2015
706,RNASeq,4/16/2015,2015
688,ChIP-Seq,4/8/2015,2015
713,ChIP-Seq,4/24/2015,2015
685,ChIPSeq,3/27/2015,2015
712,RNAseq_PolyA,4/24/2015,2015
692,RNAseq,4/8/2015,2015
693,RNAseq,4/8/2015,2015
694,21,4/8/2015,2015
695,RNAseq,4/8/2015,2015
723,RNA Seq_SMARTerSeq,5/13/2015,2015
709,RNAseq,4/21/2015,2015
724,genomic prep,5/14/2015,2015
710,RNAseq,4/22/2015,2015
564,genomicprep,7/30/2014,2014
764,RNAseq,8/3/2015,2015
696,RNAseq,4/8/2015,2015
771,Exome,8/10/2015,2015
782,RNA-Seq_Ribo_minus,8/20/2015,2015
610,RNAseq_PolyA,11/18/2014,2014
725,RNA-Seq_Ribo_minus,5/14/2015,2015
697,RNAseq,4/8/2015,2015
714,amplicn_pool,4/24/2015,2015
720,custom,5/8/2015,2015
698,RNAseq,4/8/2015,2015
779,RNAseq,8/19/2015,2015
726,custom,5/21/2015,2015
668,RIP_seq,3/2/2015,2015
785,SMARTer,9/3/2015,2015
780,RNAseq,8/19/2015,2015
727,RNA-Seq_Ribo_minus,5/22/2015,2015
773,Midi Prep,8/13/2015,2015
792,RNAseq_globinclear,9/18/2015,2015
2267,GTseq,3/2/2020,2020
699,RNAseq,4/8/2015,2015
716,ChIPSeq,4/28/2015,2015
700,RNAseq,4/8/2015,2015
760,ChIPSeq,7/27/2015,2015
731,RNA Seq,6/2/2015,2015
703,amplicn_pool,4/13/2015,2015
717,genomic prep,5/5/2015,2015
735,RNA-Seq_Ribo_minus,6/10/2015,2015
721,genomic prep,5/11/2015,2015
730,RNAseq,6/2/2015,2015
733,RNAseq,6/4/2015,2015
737,RNA Seq,6/15/2015,2015
740,ChIPSeq,6/19/2015,2015
747,ChIPSeq,6/24/2015,2015
738,RNA Seq,6/15/2015,2015
741,RIPSeq,6/19/2015,2015
746,RNA-Seq_Ribo_minus,6/22/2015,2015
736,RNA-Seq_Ribo_minus,6/12/2015,2015
744,RNA-Seq_Ribo_minus,6/19/2015,2015
778,RNAseq_PolyA,8/19/2015,2015
786,RNAseq,9/3/2015,2015
769,miRNA,8/7/2015,2015
783,RNA Seq,8/28/2015,2015
2242,Amplicon,4/25/2020,2020
789,RNA Seq,9/16/2015,2015
795,RNAseq,9/24/2015,2015
794,user_prep,9/21/2015,2015
796,RNAseq,9/25/2015,2015
800,miRNA,9/29/2015,2015
776,RNA-Seq_Ribo_minus,8/17/2015,2015
793,RNA-Seq_Ribo_minus,9/18/2015,2015
801,RNA Seq,9/30/2015,2015
803,miRNA,10/2/2015,2015
790,No_Amp_GenPrep,9/16/2015,2015
798,user prep,9/29/2015,2015
804,miRNA,10/5/2015,2015
787,RNAseq,9/9/2015,2015
802,RNA-Seq_Ribo_minus,10/1/2015,2015
781,amplicn,8/19/2015,2015
806,miRNA,10/7/2015,2015
2219,dna_protein_tapestri,3/3/2020,2020
799,user prep,9/29/2015,2015
805,RNA-Seq_Ribo_minus,10/6/2015,2015
808,RNA Seq,10/14/2015,2015
809,RNA-Seq_Ribo_minus,10/15/2015,2015
810,RNAseq_globinclear,10/21/2015,2015
812,RNA Seq,10/23/2015,2015
815,gDNA,10/28/2015,2015
807,user prep,10/9/2015,2015
811,amplicon_pool,10/23/2015,2015
813,Smarter,10/23/2015,2015
816,RNAseq,11/4/2015,2015
1658,miRNA (standard),10/17/2018,2018
818,miRNASeq,11/5/2015,2015
825,RNAseq,11/6/2015,2015
820,RNAseq,11/5/2015,2015
826,RNAseq,11/10/2015,2015
828,RNAseq_globinclear,11/17/2015,2015
819,RNA Seq,11/5/2015,2015
823,RNAseq,11/5/2015,2015
817,ChIPSeq,11/4/2015,2015
821,RNA Seq,11/5/2015,2015
829,gDNA,11/20/2015,2015
822,RNAseq,11/5/2015,2015
833,RNAseq,12/2/2015,2015
831,gDNA,12/1/2015,2015
827,RNAseq,11/13/2015,2015
832,RNAseq,12/1/2015,2015
835,miRNA,12/3/2015,2015
838,RNA-Seq_Ribo_minus,12/4/2015,2015
837,ChIPSeq,12/4/2015,2015
845,RNAseq,12/8/2015,2015
843,RNA-Seq_Ribo_minus,12/8/2015,2015
842,RNA-Seq_Ribo_minus,12/7/2015,2015
1701,PolyA/NEBUltraII,11/27/2018,2018
1725,ampliseq,12/18/2018,2018
1729,2s depletion,12/27/2018,2018
851,RNASeq,12/10/2015,2015
853,RNAseq,12/11/2015,2015
854,RNAseq,12/11/2015,2015
864,ChIPSeq,12/14/2015,2015
834,RNAseq_PolyA,12/3/2015,2015
849,RNAseq,12/10/2015,2015
844,RNAseq,12/8/2015,2015
836,No_Amp_GenPrep,12/3/2015,2015
866,genomic,12/15/2015,2015
870,RNAseq,12/17/2015,2015
855,RNAseq,12/11/2015,2015
858,RNAseq,12/11/2015,2015
865,RNA-Seq_Ribo_minus,12/14/2015,2015
863,amplicon,12/14/2015,2015
850,RNAseq,12/10/2015,2015
852,PCR,12/11/2015,2015
874,RNA Seq,12/21/2015,2015
876,RNAseq,12/22/2015,2015
848,RNAseq_PolyA,12/10/2015,2015
867,RNAseq_PolyA,12/15/2015,2015
859,genomic,12/11/2015,2015
862,user prep,12/11/2015,2015
873,amplicon,12/18/2015,2015
877,ChIPSeq,1/6/2016,2016
879,ChIPSeq,1/13/2016,2016
880,RNA Seq,1/13/2016,2016
830,gDNA,11/30/2015,2015
878,amplicon,1/11/2016,2016
881,user prep,1/13/2016,2016
884,Exome,1/27/2016,2016
887,RNASeq,2/2/2016,2016
888,user prep,2/2/2016,2016
892,PCR,2/5/2016,2016
894,miRNA,2/5/2016,2016
882,ChIPSeq,1/14/2016,2016
893,RNASeq,2/5/2016,2016
883,user prep,1/26/2016,2016
889,amplicon,2/2/2016,2016
885,user prep,2/2/2016,2016
856,RNAseq,12/11/2015,2015
891,user prep,2/4/2016,2016
897,unknown,2/9/2016,2016
896,RNAseq,2/8/2016,2016
895,amplicon,2/5/2016,2016
857,amplicon,12/11/2015,2015
886,RNAseq_PolyA,2/2/2016,2016
890,Exome,2/3/2016,2016
898,RNAseq,2/12/2016,2016
901,RNASeq,2/19/2016,2016
899,amplicon,2/15/2016,2016
902,RNASeq,2/22/2016,2016
900,RNAseq,2/18/2016,2016
904,miRNA,2/29/2016,2016
908,RNASeq,3/2/2016,2016
912,RNASeq,3/4/2016,2016
911,ChIPSeq,3/4/2016,2016
905,Amplicon,2/29/2016,2016
909,amplicon,3/2/2016,2016
915,RNASeq,3/8/2016,2016
907,RNAseq,3/2/2016,2016
913,RNAseq,3/7/2016,2016
917,RNA-Seq_Ribo_minus,3/9/2016,2016
922,RNASeq,3/22/2016,2016
918,RNA Seq,3/11/2016,2016
920,unknown,3/16/2016,2016
921,RNAseq_PolyA,3/17/2016,2016
927,amplicon,3/31/2016,2016
923,RNA Seq,3/23/2016,2016
930,RNA Seq_SMARTerSeq,4/6/2016,2016
935,RNASeq,4/11/2016,2016
936,RNASeq,4/11/2016,2016
939,RNASeq,4/12/2016,2016
906,User Prep,2/29/2016,2016
910,RNAseq,3/4/2016,2016
924,genomic,3/23/2016,2016
940,amplicon,4/13/2016,2016
942,RNASeq,4/14/2016,2016
928,RNA-Seq_Ribo_minus,3/31/2016,2016
945,miRNA,4/14/2016,2016
943,RNASeq,4/14/2016,2016
938,RNAseq_PolyA,4/12/2016,2016
941,RNASeq,4/14/2016,2016
926,RNA-Seq_Ribo_minus,3/29/2016,2016
946,miRNA,4/18/2016,2016
947,custom,4/21/2016,2016
949,RNA-Seq_Ribo_minus,4/21/2016,2016
952,RNAseq_PolyA,4/29/2016,2016
944,RNASeq,4/14/2016,2016
948,RNA Seq,4/21/2016,2016
951,RNA Seq,4/29/2016,2016
774,RNAseq_PolyA,8/14/2015,2015
933,RNA Seq,4/8/2016,2016
953,RNAseq_PolyA,4/29/2016,2016
934,ChIPSeq,4/11/2016,2016
956,RNA Seq,5/4/2016,2016
958,RNASeq,5/9/2016,2016
954,RNAseq,5/3/2016,2016
957,RNAseq,5/5/2016,2016
959,ChIPSeq_clonetech,5/12/2016,2016
960,ChIPSeq_clonetech,5/12/2016,2016
963,RNASeq,5/16/2016,2016
964,RNASeq,5/16/2016,2016
965,amplicon,5/16/2016,2016
966,genomic,5/19/2016,2016
961,amplicon,5/13/2016,2016
968,RNASeq,5/23/2016,2016
962,miRNA,5/13/2016,2016
967,ChIPSeq_clonetech,5/20/2016,2016
972,RNA Seq,5/26/2016,2016
975,RNASeq,5/27/2016,2016
970,GeCKO_Library,5/25/2016,2016
974,RNA-Seq_Ribo_minus,5/27/2016,2016
976,RNAseq,5/31/2016,2016
980,RNASeq,6/8/2016,2016
981,GeCKO_Library,6/8/2016,2016
969,RNAseq_PolyA,5/25/2016,2016
977,amplicon,6/7/2016,2016
979,RNAseq_PolyA,6/7/2016,2016
982,genomic prep,6/9/2016,2016
987,RNASeq,6/16/2016,2016
983,genomic_prep,6/9/2016,2016
973,amplicn_pool,5/26/2016,2016
986,RNAseq,6/16/2016,2016
971,RNAseq,5/26/2016,2016
985,user prep,6/14/2016,2016
990,RNAseq_PolyA,6/20/2016,2016
994,RNAseq,6/27/2016,2016
984,RNA-Seq_Ribo_minus,6/13/2016,2016
998,RNASeq,7/6/2016,2016
996,RNA-Seq_Ribo_minus,6/29/2016,2016
997,RNA-Seq_Ribo_minus,7/5/2016,2016
988,user_prep,6/20/2016,2016
992,user prep,6/22/2016,2016
989,RNA adapters,6/20/2016,2016
1002,RNAseq_PolyA,7/15/2016,2016
999,RNA Seq,7/6/2016,2016
1003,GeCKO_Library,7/18/2016,2016
1004,genomic,7/19/2016,2016
1008,genomic prep,7/25/2016,2016
1005,RNA-Seq_Ribo_minus,7/20/2016,2016
1007,RNAseq_PolyA,7/25/2016,2016
1001,RNA-Seq_Ribo_minus,7/13/2016,2016
995,RNA-Seq_Ribo_minus,6/28/2016,2016
1000,user prep,7/12/2016,2016
1010,gDNA,7/28/2016,2016
1014,unknown,8/2/2016,2016
1015,RNASeq,8/3/2016,2016
1017,RNASeq,8/10/2016,2016
1009,RNAseq_PolyA,7/27/2016,2016
1020,RNASeq,8/16/2016,2016
1021,RNASeq,8/16/2016,2016
993,RNA-Seq_Ribo_minus,6/22/2016,2016
1011,genomic,7/29/2016,2016
1013,unknown,8/2/2016,2016
1024,miRNASeq,8/17/2016,2016
1025,miRNA,8/25/2016,2016
1023,amplicon,8/17/2016,2016
1018,RNASeq,8/10/2016,2016
1026,RNAseq_PolyA,8/29/2016,2016
1022,SMARTer,8/16/2016,2016
1034,custom,9/13/2016,2016
1031,user prep,9/9/2016,2016
1032,ChIPSeq,9/9/2016,2016
1033,RNAseq,9/12/2016,2016
1029,genomic,9/7/2016,2016
1019,genomic,8/15/2016,2016
1038,amplicon,9/15/2016,2016
1041,RNASeq,9/21/2016,2016
1028,RNAseq,9/6/2016,2016
1040,RNASeq,9/20/2016,2016
1036,RNAseq,9/15/2016,2016
745,RNAseq,9/8/2016,2016
1044,RNAseq_PolyA,9/30/2016,2016
1035,custom,9/15/2016,2016
1043,RNA-Seq_Ribo_minus,9/30/2016,2016
1048,RNASeq,10/7/2016,2016
1039,genomic,9/19/2016,2016
1050,RNAseq,10/13/2016,2016
1051,custom,10/13/2016,2016
1046,SMARTer,10/6/2016,2016
1053,RNASeq,10/21/2016,2016
1047,RNA-Seq_Ribo_minus,10/6/2016,2016
1055,RNAseq,10/27/2016,2016
1057,custom,11/1/2016,2016
1060,RNASeq,11/3/2016,2016
1045,RNA-Seq_Ribo_minus,10/4/2016,2016
1052,user prep,10/13/2016,2016
1058,genomic,11/2/2016,2016
1064,RNAseq_PolyA,11/11/2016,2016
1049,RNA-Seq_Ribo_minus,10/12/2016,2016
1063,RNA-Seq_Ribo_minus,11/9/2016,2016
1054,RNA adaptors,10/24/2016,2016
1059,amplicon,11/2/2016,2016
2244,DrugSeq,4/30/2020,2020
1056,RNAseq,11/1/2016,2016
1062,targeted RNASEQ,11/8/2016,2016
1061,RNAseq,11/3/2016,2016
1068,amplicon,11/29/2016,2016
1073,RNASeq,12/9/2016,2016
1071,RNAseq,12/1/2016,2016
1072,RNA-Seq_Ribo_minus,12/2/2016,2016
1074,amplicon,12/9/2016,2016
1078,amplicon,12/12/2016,2016
1081,RNASeq,12/15/2016,2016
1066,RNA adapters,11/15/2016,2016
1075,ChIPSeq,12/9/2016,2016
1076,chipseq,12/12/2016,2016
1084,RNASeq,12/21/2016,2016
1083,RNASeq,12/20/2016,2016
1085,gDNA,1/5/2017,2017
1079,unknown,12/13/2016,2016
1089,RNASeq,1/11/2017,2017
1090,ChIPSeq,1/11/2017,2017
2249,DrugSeq,5/6/2020,2020
2243,libseq,4/28/2020,2020
2250,libseq,5/7/2020,2020
1087,gDNA,1/10/2017,2017
2246,libseq,5/4/2020,2020
1086,RNAseq,1/9/2017,2017
1095,RNASeq,1/25/2017,2017
1094,RNASeq,1/17/2017,2017
1077,amplicon,12/12/2016,2016
1088,PCR_amplicon,1/10/2017,2017
1098,RNASeq,2/3/2017,2017
1093,RNA adapters,1/17/2017,2017
1080,RNA adapters,12/14/2016,2016
1100,RNASeq,2/8/2017,2017
1099,rnaseq,2/8/2017,2017
1103,gDNA,2/14/2017,2017
1097,genomic,1/31/2017,2017
2245,libseq,5/1/2020,2020
1111,RNASeq,2/21/2017,2017
1106,ChIPSeq,2/15/2017,2017
1112,custom,2/21/2017,2017
1101,amplicon,2/9/2017,2017
1114,RNASeq,2/27/2017,2017
1104,genomic,2/14/2017,2017
1110,amplicon,2/21/2017,2017
1102,amplicon,2/9/2017,2017
1116,RNASeq,3/2/2017,2017
2175,QuantSeq,1/30/2020,2020
1107,RNA adapters,2/15/2017,2017
1121,custom,3/17/2017,2017
1120,genomic,3/15/2017,2017
1109,genomic,2/21/2017,2017
1113,RNAseq,2/24/2017,2017
1129,RNASeq,3/23/2017,2017
1125,RNASeq,3/21/2017,2017
1131,custom,3/31/2017,2017
1135,RNASeq,4/7/2017,2017
1119,RNAseq_PolyA,3/7/2017,2017
1126,RNA adapters,3/21/2017,2017
1124,amplicon,3/21/2017,2017
1128,RNA adapters,3/23/2017,2017
1138,RNAseq,4/17/2017,2017
1143,RNASeq,4/20/2017,2017
1142,RNASeq,4/20/2017,2017
1133,RNA adapters,4/6/2017,2017
1145,aDNA,4/21/2017,2017
1148,RNASeq,4/25/2017,2017
1144,genomic,4/20/2017,2017
1137,RNAseq,4/17/2017,2017
1151,RNASeq,4/28/2017,2017
1152,RNASeq,5/2/2017,2017
1153,RNAseq_PolyA,5/2/2017,2017
1147,ChIPSeq,4/25/2017,2017
1150,RNASeq,4/26/2017,2017
1157,custom,5/5/2017,2017
1146,amplicon,4/25/2017,2017
1155,RNASeq,5/4/2017,2017
1159,RNASeq,5/8/2017,2017
1158,BAT seq,5/5/2017,2017
1160,custom,5/11/2017,2017
1149,ChIPSeq,4/26/2017,2017
1161,RNASeq,5/11/2017,2017
1162,RNAseq_PolyA,5/11/2017,2017
1164,RNASeq,5/12/2017,2017
1165,RNASeq,5/16/2017,2017
1163,RNA-Seq_Ribo_minus,5/12/2017,2017
1139,genomic,4/18/2017,2017
1167,RNAseq_PolyA,5/18/2017,2017
1169,RNASeq,5/24/2017,2017
2257,RNA,3/6/2020,2020
1174,custom,6/5/2017,2017
1168,ChIPSeq,5/24/2017,2017
1175,custom,6/6/2017,2017
2256,DNA,5/12/2020,2020
1183,RNASeq,6/13/2017,2017
1173,RNAseq_PolyA,6/2/2017,2017
1177,BATseq,6/6/2017,2017
1170,bisulfite,5/25/2017,2017
1179,miRNASeq,6/7/2017,2017
1178,amplicon,6/7/2017,2017
1182,unknown,6/13/2017,2017
1171,amplicon,6/1/2017,2017
1172,amplicon,6/1/2017,2017
1194,RNASeq,6/26/2017,2017
1195,custom,6/26/2017,2017
1185,RNASeq,6/14/2017,2017
1196,ChIPSeq,6/27/2017,2017
1191,16S_rRNA,6/23/2017,2017
1193,user prep,6/23/2017,2017
1187,RIPseq,6/16/2017,2017
1203,RNASeq,7/17/2017,2017
1188,RNA adapters,6/20/2017,2017
1197,custom,7/10/2017,2017
1166,RNA seq,5/16/2017,2017
1192,chipseq,6/23/2017,2017
1198,custom,7/10/2017,2017
1186,chipseq,6/15/2017,2017
1190,user prep,6/22/2017,2017
1204,ChIPSeq,7/19/2017,2017
1181,RNAseq,6/12/2017,2017
1206,PATseq,7/21/2017,2017
1208,RNASeq,7/26/2017,2017
1210,custom,8/1/2017,2017
1215,gDNA,8/1/2017,2017
1216,SMARTer,8/2/2017,2017
1218,RNASeq,8/4/2017,2017
1219,custom,8/7/2017,2017
1199,RNAseq,7/10/2017,2017
1207,ChIPseq,7/21/2017,2017
1201,cDNA,7/12/2017,2017
1220,custom,8/8/2017,2017
1223,RNASeq,8/13/2017,2017
1222,custom,8/13/2017,2017
1205,genomic,7/21/2017,2017
1227,custom,8/16/2017,2017
1235,custom,8/23/2017,2017
1236,RNASeq,8/24/2017,2017
1230,unknown,8/18/2017,2017
1214,unknown,8/1/2017,2017
1231,RNAseq,8/21/2017,2017
1226,unknown,8/16/2017,2017
1229,RNA adapters,8/17/2017,2017
1217,Amplicon,8/2/2017,2017
1244,user prep,9/5/2017,2017
1213,RNAseq_PolyA,8/1/2017,2017
1243,RNA_polyA,8/31/2017,2017
1247,RNASeq,9/5/2017,2017
1212,miRNA,8/1/2017,2017
1211,16S_rRNA,8/1/2017,2017
1240,Amplicon,8/30/2017,2017
2258,NGS,5/14/2020,2020
1252,RNASeq,9/15/2017,2017
1228,Pat_Seq,8/17/2017,2017
1232,RNAseq,8/21/2017,2017
1255,RNASeq,9/18/2017,2017
1233,RNA-seq_ribo_minus,8/22/2017,2017
1241,RNA adapters,8/30/2017,2017
2195,Microbiome16S,2/10/2020,2020
1234,crisper_amplicon,8/23/2017,2017
2260,genomic,5/14/2020,2020
1239,RNAseq_PolyA,8/30/2017,2017
1256,iCLIP,9/19/2017,2017
1261,ChIPSeq,9/22/2017,2017
1257,RNASeq_PolyA,9/20/2017,2017
2259,libseq,5/14/2020,2020
1237,RNAseq,8/25/2017,2017
1260,RNASeq,9/22/2017,2017
1251,RNAseq_PolyA,9/14/2017,2017
2262,phiX,5/19/2020,2020
1263,RNASeq,9/27/2017,2017
1267,RNASeq,9/29/2017,2017
1262,RNAseq_PolyA,9/25/2017,2017
1258,ChIPSeq,9/20/2017,2017
2205,RNAseq,2/26/2020,2020
1221,amplicon,8/10/2017,2017
1254,RNASeq,9/18/2017,2017
1266,RNAseq_PolyA,9/29/2017,2017
1270,RNA Adaptors,10/4/2017,2017
2172,RNAseq,1/28/2020,2020
1264,RNA adapters,9/28/2017,2017
1268,genomic,10/3/2017,2017
1277,custom,10/17/2017,2017
1271,gDNA,10/5/2017,2017
1269,custom,10/3/2017,2017
1249,unknown,9/11/2017,2017
1253,Amplicon,9/15/2017,2017
1273,Amplicon,10/9/2017,2017
1272,RIPseq,10/6/2017,2017
1202,RNA-seq_ribo_minus,7/13/2017,2017
1286,RNASeq,10/27/2017,2017
1276,unknown,10/16/2017,2017
1275,Amplicon,10/16/2017,2017
1259,unknown,9/21/2017,2017
1290,RNASeq_PolyA,11/1/2017,2017
1280,RNAseq_PolyA,10/25/2017,2017
1279,SMARTer,10/20/2017,2017
1282,amplicon,10/26/2017,2017
1295,RNASeq,11/7/2017,2017
1288,unknown,11/1/2017,2017
1293,unknown,11/3/2017,2017
2207,GTseq,3/2/2020,2020
1291,SMARTer,11/2/2017,2017
1300,RNASeq,11/10/2017,2017
1297,RNASeq,11/9/2017,2017
1298,RNA adapters,11/9/2017,2017
1287,PCR amplicon,10/30/2017,2017
1294,genomic,11/6/2017,2017
1301,gDNA,11/14/2017,2017
1284,RNASeq,10/27/2017,2017
1308,SMARTer,12/7/2017,2017
1306,RNASeq,12/7/2017,2017
1307,SMARTer,12/7/2017,2017
1285,genomic prep,10/27/2017,2017
1302,genomic,11/15/2017,2017
1305,unknown,12/5/2017,2017
1312,bisulfate,12/7/2017,2017
1304,16s_amplicon,11/28/2017,2017
1309,unknown,12/7/2017,2017
1311,custom,12/7/2017,2017
1318,custom,12/13/2017,2017
1319,RNASeq,12/20/2017,2017
1321,RNASeq,12/21/2017,2017
1322,RNA,12/26/2017,2017
1316,RNA adapters,12/12/2017,2017
1324,amplicon,1/8/2018,2018
1325,RNA,1/8/2018,2018
1320,amplicon,12/21/2017,2017
1323,RNAseq_PolyA,1/3/2018,2018
1289,PATseq,11/1/2017,2017
1328,RNASeq,1/11/2018,2018
1327,RNA,1/11/2018,2018
1332,RNAseq,1/16/2018,2018
1329,RNASeq_PolyA,1/11/2018,2018
1335,custom,1/25/2018,2018
1326,Amplicon,1/10/2018,2018
1336,custom,1/25/2018,2018
1342,custom,2/2/2018,2018
1333,Amplicon,1/17/2018,2018
1314,16s_rRNA,12/11/2017,2017
1339,RNAseq,1/29/2018,2018
1334,RNA,1/19/2018,2018
1331,Amplicon,1/15/2018,2018
1343,custom,2/2/2018,2018
1344,unknown,2/2/2018,2018
1337,NEB,1/25/2018,2018
1341,genomic,1/30/2018,2018
1346,RNASeq_PolyA,2/8/2018,2018
1349,RNASeq,2/14/2018,2018
1351,unknown,2/15/2018,2018
1347,Amplicon,2/12/2018,2018
1345,Amplicon,2/6/2018,2018
1352,RNASeq_PolyA,2/20/2018,2018
1356,Amplicon,2/23/2018,2018
1354,RNAseq,2/20/2018,2018
1350,ChIPseq,2/15/2018,2018
1358,custom,2/27/2018,2018
1353,rRNA_Profiling,2/20/2018,2018
1360,RNASeq,3/5/2018,2018
1357,Amplicon,2/26/2018,2018
1359,DriverMap,3/2/2018,2018
1369,PATseq,3/12/2018,2018
1368,RNASeq,3/12/2018,2018
1370,miRNA_DNA,3/12/2018,2018
1372,custom,3/14/2018,2018
1367,RNAseq_PolyA,3/12/2018,2018
1373,10X,3/16/2018,2018
1376,SMARTer,3/22/2018,2018
1375,user prep,3/19/2018,2018
1380,custom,3/23/2018,2018
1365,genomic,3/8/2018,2018
1383,custom,3/28/2018,2018
1384,user prep,3/30/2018,2018
1363,RNA,3/8/2018,2018
1385,ChIPseq,4/2/2018,2018
1374,RNA,3/19/2018,2018
1388,RNASeq,4/4/2018,2018
1387,DriverMap,4/2/2018,2018
1390,RNASeq,4/5/2018,2018
1391,DNA,4/6/2018,2018
1392,RNASeq,4/9/2018,2018
1393,gDNA,4/10/2018,2018
1395,DriverMap,4/16/2018,2018
1379,RNASeq,3/23/2018,2018
1399,custom,4/19/2018,2018
1400,miRNA,4/19/2018,2018
1403,RNASeq,4/24/2018,2018
1404,RNASeq,4/25/2018,2018
1409,SureSelectXT2,4/27/2018,2018
1405,unknown,4/25/2018,2018
1410,RNASeq,5/1/2018,2018
1408,SMARTer,4/27/2018,2018
1417,RNASeq,5/3/2018,2018
1419,RNASeq,5/4/2018,2018
1418,gDNA,5/4/2018,2018
1422,RNASeq,5/9/2018,2018
1412,RNASeq_PolyA,4/17/2018,2018
1413,gDNA_NEBDNA_Ultra2,5/1/2018,2018
1414,RNASeq_PolyA,5/2/2018,2018
1420,RNA,5/8/2018,2018
1426,RNASeq_PolyA,5/14/2018,2018
1428,SMARter stranded pico input,5/16/2018,2018
1425,NEBDNA_Ultra2,5/14/2018,2018
1424,targeted RNAseq,5/11/2018,2018
1432,DNA,5/21/2018,2018
1421,RNASeq_Ribominus,5/8/2018,2018
1434,NEB Ultra II DNA,5/22/2018,2018
1439,gDNA_2BRad,5/29/2018,2018
1435,custom,5/24/2018,2018
1437,gDNA_RiptideRapid_DNA,5/25/2018,2018
1446,10XRNASeq_Chromium,5/31/2018,2018
1430,RNA,5/18/2018,2018
1449,DNA_NexteraCapture,6/1/2018,2018
1423,RNASeq_Ribominus,5/10/2018,2018
1415,DNA,5/2/2018,2018
1386,mate-pair,4/2/2018,2018
1436,RNA,5/24/2018,2018
1440,RNA adapters,5/29/2018,2018
1448,RNA adapters,6/1/2018,2018
1433,custom RNA,5/22/2018,2018
1438,Globin Depleted RNA,5/29/2018,2018
1450,SMARTer,6/5/2018,2018
1463,user prep,6/13/2018,2018
1453,control,6/6/2018,2018
1462,custom,6/11/2018,2018
1469,RNASeq_10XChromium,6/18/2018,2018
1473,genomic,6/20/2018,2018
1443,Globin Depleted RNA,5/30/2018,2018
1486,RNASeq_TargetRNAExpression,6/28/2018,2018
1455,unknown,6/7/2018,2018
1407,Amplicon_pool,4/26/2018,2018
1491,genomic,7/2/2018,2018
1481,genomic,6/28/2018,2018
1494,PolyA/NEBUltraII,7/9/2018,2018
1456,RNASeq_PolyA,6/7/2018,2018
1467,amplicon,6/14/2018,2018
1492,QunatSeq,7/6/2018,2018
1444,Globin Depleted RNA,5/31/2018,2018
1464,RNAseq_polA_NEB_Ultra,6/13/2018,2018
1503,plasmid,7/12/2018,2018
1504,10XRNASeq_Chromium,7/13/2018,2018
1447,Globin Depleted RNA,6/1/2018,2018
1452,Globin Depleted RNA,6/6/2018,2018
1485,SMARTseqv4,6/27/2018,2018
1482,N6mA_NEBNext Ultra RNA,6/27/2018,2018
1454,Globin Depleted RNA,6/7/2018,2018
1457,Globin Depleted RNA,6/8/2018,2018
1458,Globin Depleted RNA,6/11/2018,2018
1460,Globin Depleted RNA,6/12/2018,2018
1461,Globin Depleted RNA,6/12/2018,2018
1466,Globin Depleted RNA,6/14/2018,2018
1465,Globin Depleted RNA,6/14/2018,2018
1431,Amplicon,5/18/2018,2018
1490,RNASeq_PolyA,6/29/2018,2018
1505,PolyA/NEBUltraII,7/16/2018,2018
1487,PolyA/NEBUltraII,6/28/2018,2018
1468,Globin Depleted RNA,6/18/2018,2018
1470,Globin Depleted RNA,6/19/2018,2018
1515,bacteria,7/27/2018,2018
1471,Globin Depleted RNA,6/19/2018,2018
1516,10XRNASeq_Chromium,7/30/2018,2018
1518,SMART,8/1/2018,2018
1474,Globin Depleted RNA,6/22/2018,2018
1476,Globin Depleted RNA,6/25/2018,2018
1483,PolyA/NEBUltraII,6/27/2018,2018
1484,PolyA/NEBUltraII,6/27/2018,2018
1519,Smarter,8/3/2018,2018
1520,RNAseq_polA_NEB_Ultra,8/3/2018,2018
1477,Globin Depleted RNA,6/25/2018,2018
1478,Globin Depleted RNA,6/26/2018,2018
1521,unknown,8/3/2018,2018
1524,plasmid,8/6/2018,2018
1533,Amplicon,8/10/2018,2018
1525,custom,8/7/2018,2018
1527,genomic,8/8/2018,2018
1530,plasmid,8/9/2018,2018
1528,Amplicon,8/9/2018,2018
1475,Globin Depleted RNA,6/22/2018,2018
1537,SMARTer,8/17/2018,2018
1535,library,8/15/2018,2018
1523,DNA,8/6/2018,2018
1526,NEB_UltraII_DNA,8/8/2018,2018
1538,Library,8/17/2018,2018
1541,TenXChromium,8/20/2018,2018
1544,NGS,8/27/2018,2018
1534,NEB_DNA_Ultra_II,8/13/2018,2018
1540,custom,8/17/2018,2018
1509,custom_smallRNA,7/24/2018,2018
1548,phage,8/29/2018,2018
1550,SMARTPicoPlex,8/31/2018,2018
1543,2s depletion,8/22/2018,2018
1551,SMARTSeqStranded,8/31/2018,2018
1546,genomic,8/28/2018,2018
1554,plasmid,8/31/2018,2018
1563,genomic,9/6/2018,2018
1552,Amplicon,8/31/2018,2018
1547,RNA,8/29/2018,2018
1574,NGS,9/10/2018,2018
1250,BD genomics kit,9/12/2017,2017
1568,SMARTer,9/10/2018,2018
1154,user prep,5/3/2017,2017
1156,genomic,5/5/2017,2017
1037,user prep,9/15/2016,2016
1567,SMARTer,9/10/2018,2018
626,amplicon,12/16/2014,2014
1576,RNASeq_10XChromium,9/12/2018,2018
1570,RNASeq_10XChromium,9/10/2018,2018
1593,10X,7/11/2018,2018
1564,SureSelectXT2,9/7/2018,2018
1577,NGS,9/12/2018,2018
1553,unknown,8/31/2018,2018
1585,mRNA Seq,6/4/2018,2018
1586,ChIP-seq,2/22/2018,2018
1584,mRNA Seq,5/17/2018,2018
1571,10XRNASeq_Chromium,9/10/2018,2018
1591,Ampli-Seq,8/14/2018,2018
1599,Proton,8/15/2018,2018
1588,Ribo-Seq,6/4/2018,2018
1581,mRNAseq,7/23/2018,2018
1594,Ampli-Seq,6/17/2018,2018
1598,unk,7/30/2018,2018
1592,Ampli-Seq,8/3/2018,2018
1583,Total RNA-seq,6/21/2018,2018
1582,mRNA Seq,7/5/2018,2018
1597,PolyA/NEBUltraII,9/14/2018,2018
1575,RNA-seq_ribo_minus,9/11/2018,2018
1578,mRNA Seq,9/3/2018,2018
1580,Total RNA-seq,7/12/2018,2018
1589,Total RNA-seq,5/16/2018,2018
1595,RNAseq,7/20/2018,2018
1590,ChIP-Seq,4/30/2018,2018
1604,targeted cancel panel,9/18/2018,2018
1621,NGS,9/21/2018,2018
1606,Library,9/18/2018,2018
1545,Library,8/27/2018,2018
1539,Library,8/17/2018,2018
1611,Ribominus/Stranded RNASeq,9/21/2018,2018
1623,NGS,9/26/2018,2018
1622,RNA_ribo_deplete,9/25/2018,2018
1607,ChIPseq,9/19/2018,2018
1631,SMARTPicoPlex,10/4/2018,2018
1626,SMARTer,9/28/2018,2018
1632,gDNA,9/19/2018,2018
1633,plasmid,10/8/2018,2018
1636,plasmid,10/9/2018,2018
1640,plasmid,10/11/2018,2018
1645,genomic,10/15/2018,2018
1653,10XRNASeq_Chromium,10/16/2018,2018
1646,user prep,10/16/2018,2018
1655,genomic,10/16/2018,2018
1637,NEBUltraII,10/10/2999,2999
1659,ribo-/NEBUltraII,7/25/2018,2018
1648,DNA_NEBDNA_Ultra15,10/16/2018,2018
1665,Genomics,10/24/2018,2018
1664,RNAseq_PolyA,10/23/2018,2018
1635,unknown,10/9/2018,2018
1630,SMARTer,10/2/2018,2018
1634,RNA,10/9/2018,2018
1654,RNA adapters,10/16/2018,2018
1656,2s depletion,10/17/2018,2018
1662,RNASeq_10XChromium,10/23/2018,2018
1668,NGS,10/30/2018,2018
1672,custom,11/1/2018,2018
1671,Library,11/1/2018,2018
1674,genomic,11/2/2018,2018
1675,Ribominus/Stranded RNASeq,11/5/2018,2018
1678,Library,11/7/2018,2018
1676,CRISPR,11/5/2018,2018
1680,CRISPR,11/7/2018,2018
1683,RNA adapters,11/9/2018,2018
1685,CRISPR,11/12/2018,2018
1688,genomic,11/13/2018,2018
1687,SMARTerThruPLEX_DNASeq,11/13/2018,2018
1692,amplicon_slayseq,11/15/2018,2018
1702,SMARTerStrandedPico,11/28/2018,2018
1684,NEBDNA_Ultra2,11/12/2018,2018
1679,10xGenomics/BD,11/7/2018,2018
1696,Amplicon,11/19/2018,2018
1698,CRISPR,11/20/2018,2018
1689,DNA_ultraII,11/14/2018,2018
1695,ribo-/NEBUltraII,11/16/2018,2018
1681,amplicon,11/8/2018,2018
1663,ChIPseq,10/23/2018,2018
1700,CRISPR,11/26/2018,2018
1508,PolyA/NEBUltraII,7/24/2018,2018
1649,amplicon,10/16/2018,2018
1697,PolyA/NEBUltraII,11/20/2018,2018
1705,NGS,12/4/2018,2018
1707,NGS,12/5/2018,2018
1710,NGS,12/6/2018,2018
1703,PolyA/NEBUltraII,12/4/2018,2018
1704,SMART,12/4/2018,2018
1711,Qiagen,12/6/2018,2018
1706,library,12/5/2018,2018
1699,DNA,11/26/2018,2018
1709,QuantSeq,12/6/2018,2018
1715,RNASeq_10XChromium,12/11/2018,2018
1690,Amplicon,11/14/2018,2018
1714,ChIPSeq,12/11/2018,2018
1717,NexteraLibrary,12/12/2018,2018
1718,Library,12/12/2018,2018
1716,Ribominus/Stranded RNASeq,12/12/2018,2018
2273,RNA,6/8/2020,2020
2266,RNASeq PolyA,5/29/2020,2020
1657,NextflexV4,10/17/2018,2018
1721,RNASeq_10XChromium,12/14/2018,2018
1720,gDNALibrary,12/13/2018,2018
1724,custom,12/17/2018,2018
1713,16s rRNA,12/7/2018,2018
2255,10XRNASeq_ChromiumVDJv1_1,5/13/2020,2020
2285,10XRNASeq_Chromium 5Prime,6/18/2020,2020
2268,10XRNASeq_Chromiumv3,6/1/2020,2020
1726,SMARTerThruPLEX_DN,12/19/2018,2018
2280,ChIPSeq,6/16/2020,2020
2265,DNA,5/29/2020,2020
2261,RNA,5/14/2020,2020
1569,SMARTer,9/10/2018,2018
2281,DNA,6/16/2020,2020
2263,DrugSeq,5/21/2020,2020
1734,RNASeq_10XChromium,1/2/2019,2019
1727,targeted cancer panel,12/19/2018,2018
1738,Ribominus/Stranded RNASeq,1/21/2019,2019
2199,10XRNASeq_Chromiumv3,2/20/2020,2020
2282,CRISPR,6/17/2020,2020
2284,RNASeq PolyA,6/17/2020,2020
1735,PolyA/NEBUltraII,1/7/2019,2019
1743,SMART,1/24/2019,2019
1742,GROSeq,1/24/2019,2019
1737,RNA,1/21/2019,2019
1741,Amplicon,1/24/2019,2019
1745,Ribominus/Stranded RNASeq,1/28/2019,2019
2270,libseq,6/4/2020,2020
1746,genomic,1/28/2019,2019
1748,SLAMSeq_Quant,1/31/2019,2019
1739,RNA,1/23/2019,2019
1749,10XRNASeq_Chromium,2/4/2019,2019
1753,NEBLinker,2/6/2019,2019
1728,miRNAseq,12/19/2018,2018
1755,RNASeqPolyA,2/7/2019,2019
1747,RNA,1/29/2019,2019
1756,2s depletion,2/8/2019,2019
1758,Ribominus/Stranded RNASeq,2/11/2019,2019
1760,SMARTerThruPLEX_DN,2/11/2019,2019
1740,DNA,1/23/2019,2019
1763,SMARTerThruPLEX_DN,2/14/2019,2019
1762,NEBRibominus,2/14/2019,2019
1761,custom,2/13/2019,2019
1764,CRISPR,2/14/2019,2019
1771,NGS,2/19/2019,2019
1774,NGS,2/21/2019,2019
1765,PCR amplicon,2/15/2019,2019
1773,10XRNASeq_Chromium,2/20/2019,2019
1752,PolyA/NEBUltraII,2/6/2019,2019
1769,SMARTer,2/19/2019,2019
1775,10XRNASeq_Chromium,2/25/2019,2019
1778,Genomics,2/27/2019,2019
1744,RNA,1/25/2019,2019
1780,CRISPR,2/28/2019,2019
1781,10x VDJ,3/1/2019,2019
1784,Ribominus/Stranded RNASeq,3/6/2019,2019
1785,SureSelectXT2,3/6/2019,2019
1782,RNAseq polyA,3/4/2019,2019
1786,NGS,3/7/2019,2019
1757,miRNA,2/8/2019,2019
1788,SMARTer,3/8/2019,2019
1789,NGS,3/11/2019,2019
1790,SMARTerThruPLEX_DNA,3/12/2019,2019
1792,10XRNASeq_Chromiumv3,3/13/2019,2019
1787,RNASeq_10XChromium,3/8/2019,2019
1797,custom,3/15/2019,2019
1802,NGS,3/18/2019,2019
1794,DNA,3/13/2019,2019
1801,Ribominus/Stranded RNASeq,3/15/2019,2019
1807,NGS,3/20/2019,2019
1804,NGS,3/19/2019,2019
1805,RNASeq_10XChromium,3/20/2019,2019
1776,DNA_ultraII,2/26/2019,2019
1808,NGS,3/21/2019,2019
1812,Nextera XT,3/25/2019,2019
1815,QuantSeqmRNA,3/27/2019,2019
1779,SMARTerSeqHT,2/28/2019,2019
1803,PolyA/NEBUltraII,3/18/2019,2019
1819,NGS,3/28/2019,2019
1799,gDNA,3/15/2019,2019
1810,custom_amplicon,3/22/2019,2019
1826,CRISPR,4/2/2019,2019
1817,ribo depletion,3/27/2019,2019
1821,Muwells,3/29/2019,2019
1830,gDNA,3/15/2019,2019
1831,genomic,4/9/2019,2019
1796,clontech_strandedRNAseq,3/14/2019,2019
1827,Qiagen,4/3/2019,2019
1837,SMARTerThruPLEX_DNA,4/16/2019,2019
1839,Amplicon,4/16/2019,2019
1838,miRNASeq,4/16/2019,2019
1824,ribo-/NEBUltraII,4/2/2019,2019
1844,CRISPR,4/18/2019,2019
1840,genomic,4/16/2019,2019
1835,10X,4/15/2019,2019
1843,DNA,4/18/2019,2019
1848,10XRNASeq_Chromiumv3,4/23/2019,2019
1850,10XRNASeq_Chromiumv3,4/24/2019,2019
1854,17_agilentG753090000_SureSelectXT2C_i7_08bp,4/26/2019,2019
1857,DNA,4/26/2019,2019
1851,SMARTer ThruPLEX,4/25/2019,2019
1859,custom,4/30/2019,2019
1841,rand_prime/RNAUltraII,4/18/2019,2019
1862,genomic,4/30/2019,2019
1855,amplicon,4/26/2019,2019
1864,RNASeq_10XChromium,5/1/2019,2019
1842,SMARTer,4/18/2019,2019
1800,PolyA/NEBUltraII,3/15/2019,2019
1871,10XRNASeq_Chromiumv3,5/7/2019,2019
1873,custom,5/8/2019,2019
1863,crisper_amplicon,5/1/2019,2019
1872,SMARTer,5/8/2019,2019
1886,RNASeq,5/17/2019,2019
1868,Cut and run,5/6/2019,2019
1874,scRNAseq 3Pv3,5/9/2019,2019
1877,CRISPR,5/14/2019,2019
1880,Smart Stranded,5/15/2019,2019
1882,Genomics,5/16/2019,2019
1887,Genomics,5/20/2019,2019
1867,RNAseq,5/3/2019,2019
1885,PolyA/NEBUltraII,5/17/2019,2019
1881,crisper_amplicon,5/16/2019,2019
1889,clontech_strandedRNAseq,5/22/2019,2019
1891,CRISPR,5/22/2019,2019
1892,CRISPR,5/23/2019,2019
1894,custom,5/28/2019,2019
1861,targeted,4/30/2019,2019
1876,SmartSeq HT,5/14/2019,2019
1878,PolyA/NEBUltraII,5/15/2019,2019
1901,QuantSeqmRNA,6/4/2019,2019
1900,Smarter v4,6/4/2019,2019
1879,SmartSeq HT,5/15/2019,2019
1902,QuantSeq,6/5/2019,2019
1897,SMARTer v4,5/31/2019,2019
1903,SmartSeq HT,6/6/2019,2019
1898,10XRNASeq_Chromiumv3,6/3/2019,2019
1888,PolyA/NEBUltraII,5/21/2019,2019
1883,Amplicon,5/17/2019,2019
1907,DNA,6/10/2019,2019
1908,10XRNASeq_Chromium v3,6/11/2019,2019
1909,dummy,6/13/2019,2019
1893,PolyA/NEBUltraII,5/24/2019,2019
1910,DNA,6/14/2019,2019
1914,CRISPR,6/19/2019,2019
1912,DNA,6/18/2019,2019
1916,10XRNASeq_Chromiumv3,6/21/2019,2019
1915,DNA,6/20/2019,2019
1913,SMARTerV4,6/19/2019,2019
1920,10XRNASeq_Chromiumv3,6/26/2019,2019
1856,inlinebarcode,4/26/2019,2019
1869,amplicon,5/6/2019,2019
1899,NEBUltraII,6/3/2019,2019
1926,RNASeq,7/2/2019,2019
1927,genomic,7/2/2019,2019
1930,genomic,7/3/2019,2019
1932,10XRNASeq_Chromiumv3,7/9/2019,2019
1934,10XRNASeq_Chromiumv3,7/10/2019,2019
1938,Amplicon,7/12/2019,2019
1936,DNA_ultraII,7/11/2019,2019
1942,DNA,7/16/2019,2019
1949,genomic,7/22/2019,2019
1944,10XRNASeq_Chromium 5Prime,7/18/2019,2019
1950,10XRNASeq_Chromiumv3,7/22/2019,2019
1822,N6mA_NEBNext_Ultra_RNA,4/1/2019,2019
1952,Plasmid,7/23/2019,2019
1931,amplicon,7/5/2019,2019
1951,Plasmid,7/23/2019,2019
1939,PolyA/NEBUltraII,7/15/2019,2019
1953,Qiagen miRNASeq,7/24/2019,2019
1955,DNA,7/25/2019,2019
1959,miRNASeq,7/30/2019,2019
1958,SMARTer,7/26/2019,2019
1933,DNA_ultraII,7/9/2019,2019
1957,RNA_ribo_deplete,7/26/2019,2019
1937,crisper_amplicon,7/12/2019,2019
1960,10XRNASeq_Chromium 5Prime,8/1/2019,2019
1947,amplicon,7/19/2019,2019
1964,DNA,8/8/2019,2019
1967,10XRNASeq_Chromiumv3,8/12/2019,2019
1940,smallRNA_custom,7/15/2019,2019
1965,ampliseq,8/9/2019,2019
1943,PolyA,7/16/2019,2019
1976,Genomics,8/19/2019,2019
1961,NEBUltraII,8/2/2019,2019
1975,QuantSeq,8/16/2019,2019
1977,crisper_amplicATACCTGTon,8/19/2019,2019
1973,SureSelectXT2,8/14/2019,2019
1980,Genomics,8/21/2019,2019
1983,10XRNASeq_Chromiumv3,8/23/2019,2019
1954,SmarterHT,7/24/2019,2019
1988,Genomics,8/26/2019,2019
1982,SmartSeq HT,8/23/2019,2019
1972,NEBDNAUltraII,8/14/2019,2019
1971,NEBRNAUltraII,8/14/2019,2019
1992,NGS,8/28/2019,2019
1970,PolyA/NEBUltraII,8/13/2019,2019
1989,crisper_amplicon,8/26/2019,2019
1974,Amplicon,8/15/2019,2019
1924,16srRNA,7/2/2019,2019
1995,ribo depletion,9/4/2019,2019
1994,Genomics,9/4/2019,2019
1997,10XRNASeq_Chromiumv3,9/5/2019,2019
1998,Genomics,9/5/2019,2019
2002,10XRNASeq_Chromiumv3,9/11/2019,2019
2000,SMARTseq v4,9/10/2019,2019
1979,DNA_ultraII,8/21/2019,2019
2005,DUDISeq,9/13/2019,2019
2006,DNA,9/16/2019,2019
2009,10XRNASeq_Chromium 5Prime,9/18/2019,2019
2011,RNASeqCustomkit,9/19/2019,2019
2012,ribo depletion,9/19/2019,2019
2003,crisper_amplico,9/12/2019,2019
2001,PolyA/NEBUltraII,9/10/2019,2019
2022,Genomics,9/23/2019,2019
2016,SMARTer ThruPLEX DNA-Seq Kit,9/20/2019,2019
2027,DudiSeq,9/26/2019,2019
2029,DudiSeq,9/30/2019,2019
1999,ribo-/NEBUltraII,9/6/2019,2019
2020,crisper_amplicon,9/23/2019,2019
2014,PolyA/NEBUltraII,9/20/2019,2019
2033,DNA,10/2/2019,2019
2018,DNA,9/23/2019,2019
2028,SureSelectXT2,9/27/2019,2019
2039,10XRNASeq_Chromiumv3,10/9/2019,2019
2019,ChIPseq,9/23/2019,2019
2015,PolyA/NEBUltraII,9/20/2019,2019
2042,DNA,10/10/2019,2019
2043,DNA,10/10/2019,2019
2044,Amplicon,10/10/2019,2019
2045,SMARTer ThruPLEX DNA-Seq Kit,10/10/2019,2019
2025,SMARTseqHT,9/25/2019,2019
2050,10XRNASeq_Chromiumv3,10/15/2019,2019
2049,DNA,10/11/2019,2019
2038,DNA,10/8/2019,2019
2047,SMARTseq v4,10/11/2019,2019
2030,PolyA/NEBUltraII,10/1/2019,2019
2013,microbiome,9/20/2019,2019
2040,16srRNA,10/9/2019,2019
2036,Amplicon,10/3/2019,2019
2021,SMARTseqHT,9/23/2019,2019
2055,DudiSeq,10/22/2019,2019
2059,10XRNASeq_Chromium 5Prime,10/24/2019,2019
2060,NGS,10/24/2019,2019
2046,SMART_HT,10/11/2019,2019
2054,amplicon,10/21/2019,2019
2057,NEB UltraII w Ribodeplete,10/23/2019,2019
2064,10XRNASeq_Chromiumv3,10/30/2019,2019
2061,DNA,10/29/2019,2019
2062,10XRNASeq_Chromiumv3,10/29/2019,2019
2071,NGS,10/31/2019,2019
2053,SMARTseq_HT,10/17/2019,2019
2058,microbiome,10/23/2019,2019
2056,microbiome,10/22/2019,2019
2080,PolyA/NEBUltraII,11/11/2019,2019
2079,NGS,11/9/2019,2019
2081,Genomics,11/11/2019,2019
2073,Cut & Run,11/4/2019,2019
2086,Ribo-/NEBUltraII,11/12/2019,2019
2067,SMARTSeqHT_RNASeq,10/28/2019,2019
2087,NGS,11/12/2019,2019
2088,DNA,11/13/2019,2019
2084,10XRNASeq_Chromiumv3,11/12/2019,2019
2091,NGS,11/14/2019,2019
2094,DudiSeq,11/20/2019,2019
2098,DudiSeq,11/21/2019,2019
2017,microbiome,9/20/2019,2019
2090,microbiome,11/14/2019,2019
2076,RNA,11/7/2019,2019
2089,ChIPseq,11/13/2019,2019
2082,SMARTseqHT,11/11/2019,2019
2105,libraryseq,12/4/2019,2019
2066,amplicon,10/30/2019,2019
2072,amplicon,11/4/2019,2019
2106,libraryseq,12/4/2019,2019
2107,Genomics,12/4/2019,2019
2108,DudiSeq,12/5/2019,2019
2102,10XRNASeq_Chromiumv3,12/2/2019,2019
2104,RNA,12/3/2019,2019
2109,custom_targeted,12/6/2019,2019
2110,NGS,12/9/2019,2019
2117,Genomics,12/10/2019,2019
2115,NGS,12/10/2019,2019
2114,NGS,12/10/2019,2019
2097,SMARTer,11/21/2019,2019
2121,Genomics,12/12/2019,2019
2122,microbiome,12/13/2019,2019
2125,Genomics,12/16/2019,2019
2120,10XRNASeq_Chromiumv6,12/12/2019,2019
2144,DrugSeq,12/20/2019,2019
2147,DNA,12/26/2019,2019
2140,DADI,12/20/2019,2019
2142,DADI,12/20/2019,2019
2127,RNA-Seq,12/17/2019,2019
2123,RNA,12/13/2019,2019
2134,microbiome,12/13/2019,2019
2135,microbiome,12/13/2019,2019
2096,RNA,11/20/2019,2019
2141,DADI,12/20/2019,2019
2136,microbiome,12/13/2019,2019
2124,CUT & RUN,12/13/2019,2019
2151,CUT & RUN,12/27/2019,2019
2146,DNA,12/26/2019,2019
2137,microbiome,12/13/2019,2019
2131,RNA-Seq,12/18/2019,2019
2132,microbiome (16S),12/18/2019,2019
2156,10XRNASeq_5PrimeChromiumv1,1/9/2020,2020
2099,Library-seq,11/26/2019,2019
2155,RNA,1/9/2020,2020
2138,PolyA/NEBRNAUltraII,12/20/2019,2019
2163,RNAseq,1/15/2020,2020
2161,DrugSeq,1/15/2020,2020
2162,Amplicon,1/14/2020,2020
2128,Microbiome 16S,12/18/2019,2019
2164,Dummy,1/16/2020,2020
2169,10XRNASeq_Chromiumv3,1/24/2020,2020
2170,DudiSeq,1/27/2020,2020
2154,Cut&Run,1/8/2020,2020
2180,10XRNASeq_Chromiumv3,2/4/2020,2020
2178,DNA,1/31/2020,2020
2177,RNAseq,1/31/2020,2020
2116,SMARTSeqHT_RNASeq,12/10/2019,2019
2182,DNA,2/6/2020,2020
2130,miRNASeq,12/18/2019,2019
2181,Fake,2/4/2020,2020
2186,ENDseq,2/10/2020,2020
2139,rhAMPseq,12/20/2019,2019
2173,RNA,1/28/2020,2020
2187,ENDseq,2/10/2020,2020
2185,NGS,2/10/2020,2020
2179,10X3primeV3,2/3/2020,2020
2190,DudiSeq,2/12/2020,2020
2191,Fake,2/11/2020,2020
2196,DNA,2/14/2020,2020
2189,DrugSeq,2/11/2020,2020
2176,PatchSeq,1/30/2020,2020
2188,Ribosome Profiling,2/10/2020,2020
2192,DrugSeq,2/11/2020,2020
2194,DrugSeq,2/13/2020,2020
2202,DNA,2/24/2020,2020
2204,DudiSeq,2/26/2020,2020
2211,DrugSeq,3/4/2020,2020
2214,10XRNASeq_Chromiumv3,3/4/2020,2020
2227,qc,3/9/2020,2020
2216,DrugSeq,3/4/2020,2020
2224,NGS,3/9/2020,2020
2218,DNA,3/5/2020,2020
2220,NGS,3/7/2020,2020
2215,10XRNASeq_Chromiumv3.1,3/4/2020,2020
2229,fake,3/11/2020,2020
2221,RNASeq,3/9/2020,2020
2232,DNA,3/16/2020,2020
2279,DNA,6/15/2020,2020
2233,Amplicon,3/17/2020,2020
2238,RNA,4/15/2020,2020
2239,labseq,4/17/2020,2020
2241,RNA,4/22/2020,2020
2240,libseq,4/22/2020,2020
2272,CRISPR,6/8/2020,2020
2248,NGS,5/4/2020,2020
2276,libseq,6/12/2020,2020
2275,10XRNASeq_Chromiumv3,6/12/2020,2020
2283,RNASeq Ribominus,6/17/2020,2020
2289,SMARTer ThruPLEX DNA,6/23/2020,2020
2291,Genomics,6/25/2020,2020
2292,DrugSeq,6/25/2020,2020
2231,SlamSeq_QuantSeq,3/9/2020,2020
2294,DrugSeq,6/26/2020,2020
2296,Genomics,6/29/2020,2020
2297,Genomics,6/30/2020,2020
2298,SMARTer ThruPLEX DNA,7/1/2020,2020
2301,Genomics,7/2/2020,2020
2307,QuantSeq,7/6/2020,2020
2309,CRISPR,7/7/2020,2020
2303,10XRNASeq_Chromiumv3,7/4/2020,2020
2311,genomic,7/8/2020,2020
2310,custom,7/7/2020,2020
2304,10XRNASeq_Chromiumv3,7/4/2020,2020
2314,libseq,7/11/2020,2020
2316,libseq,7/14/2020,2020
2317,DrugSeq,7/14/2020,2020
2312,SMARTer ThruPLEX DNA,7/10/2020,2020
2305,10XRNASeq_Chromiumv3,7/4/2020,2020
2306,DrugSeqSARS1,7/2/2020,2020
2319,Genomics,7/16/2020,2020
2313,10XRNASeq_Chromiumv3,7/10/2020,2020
2321,libseq,7/17/2020,2020
2320,10XRNASeq_Chromiumv3,7/16/2020,2020
2327,RNASeq PolyA,7/27/2020,2020
2325,amplicon,7/24/2020,2020
2324,CRISPR,7/22/2020,2020
2193,Genomic,2/13/2020,2020
2326,libseq,7/24/2020,2020
2322,DudiSeq,7/21/2020,2020
2331,Agilent SureSelect XT HS2 Human All Exon V7,7/30/2020,2020
2329,RNASeq PolyA,7/29/2020,2020
2330,IlluminaTruSeqStrandedRNAPolyA,7/29/2020,2020
2337,Genomics,8/3/2020,2020
2334,10XRNASeq_Chromiumv3.1,7/30/2020,2020
2335,DrugSeq,7/30/2020,2020
2342,QuantSeq,8/6/2020,2020
2336,NexteraXTNkitV2,7/31/2020,2020
2341,crisper_amplicon,8/5/2020,2020
2352,QuantSeq,8/12/2020,2020
2347,Genomics,8/10/2020,2020
2340,RNASeq PolyA,8/5/2020,2020
2344,RNA,8/7/2020,2020
2349,DrugSeq,8/11/2020,2020
2350,RNASeq PolyA,8/11/2020,2020
2346,10XRNASeq_Chromiumv3.1,8/10/2020,2020
2355,10XRNASeq_Chromium 5Prime,8/13/2020,2020
2354,Genomics,8/13/2020,2020
2358,10XRNASeq_Chromiumv3,8/17/2020,2020
2362,RNASeq PolyA,8/19/2020,2020
2366,CRISPR,8/21/2020,2020
2363,Blood RNA,8/20/2020,2020
2364,Blood RNA,8/20/2020,2020
2300,TBD,7/1/2020,2020
2328,TBD,7/28/2020,2020
2351,WGS,8/11/2020,2020
2368,SMARTer ThruPLEX DNA,8/25/2020,2020
2367,QuantSeq,8/25/2020,2020
2374,DudiSeq,9/1/2020,2020
2365,DrugSeq,8/20/2020,2020
2376,Amplicon,9/3/2020,2020
2380,RNASeq Ribominus,9/4/2020,2020
2375,libseq,9/1/2020,2020
2383,QuantSeq,8/10/2020,2020
2378,RNA,9/3/2020,2020
2384,SMARTer ThruPLEX DNA,8/3/2020,2020
2385,RNASeq PolyA,9/10/2020,2020
2377,RNA,9/3/2020,2020
2372,10XRNASeq_Chromiumv3,8/31/2020,2020
2388,CRISPR,9/14/2020,2020
2392,libseq,9/15/2020,2020
2387,RNASeq Ribo  depletion,9/7/2020,2020
2391,RNASeqPolyA,9/14/2020,2020
2394,QuantSeq,9/16/2020,2020
2390,libseq,9/11/2020,2020
2386,10XRNASeq_Chromiumv3,9/11/2020,2020
2393,QuantSeq,9/14/2020,2020
2402,Genomics,9/28/2020,2020
2396,RNA,9/21/2020,2020
2271,dna_protein_tapestri,6/5/2020,2020
2397,microbiome,9/22/2020,2020
2403,RNASeq PolyA,9/29/2020,2020
2406,libseq,9/29/2020,2020
2408,Genomics,9/30/2020,2020
2407,custom,9/29/2020,2020
2409,CRISPR,10/1/2020,2020
2413,QuantSeq,10/2/2020,2020
2414,CRISPR,10/5/2020,2020
2410,10XRNASeq_Chromiumv3,10/1/2020,2020
2417,CRISPR,10/7/2020,2020
2415,RNA,10/6/2020,2020
2418,libseq,10/7/2020,2020
2421,libseq,10/10/2020,2020
2422,SMARTer ThruPLEX DNA,10/7/2020,2020
2419,libseq,10/7/2020,2020
2426,Genomics,10/19/2020,2020
2436,NexteraXTNkitV2,10/27/2020,2020
2424,10X5prime,10/15/2020,2020
2416,custom,10/6/2020,2020
2432,RNA,10/22/2020,2020
2428,Amplicon,10/20/2020,2020
2441,QuantSeq,10/29/2020,2020
2442,QuantSeq,10/29/2020,2020
2438,ClipSeq,10/28/2020,2020
2433,miRNASeq,10/22/2020,2020
2431,miRNASeq,10/21/2020,2020
2444,libseq,11/3/2020,2020
2446,RNASeq PolyA,11/4/2020,2020
2448,libseq,11/5/2020,2020
2450,Genomics,11/9/2020,2020
2451,custom,11/10/2020,2020
2434,TarRNAseq,10/22/2020,2020
2452,SureSelectXT2,11/12/2020,2020
2453,libseq,11/14/2020,2020
2454,custom,11/16/2020,2020
2455,LibSeq,11/17/2020,2020
2430,RNASeqPolyA,10/21/2020,2020
2443,RNASeq Ribo minus,11/2/2020,2020
2429,RNASeqPolyA,10/20/2020,2020
2449,Genomics,11/9/2020,2020
2456,Amplicon,11/17/2020,2020
2458,Genomics,11/19/2020,2020
2459,Genomics,11/20/2020,2020
2466,LibSeq,11/24/2020,2020
2465,RNASeq,11/24/2020,2020
2463,libseq,11/24/2020,2020
2468,custom,11/25/2020,2020
2471,Genomics,12/2/2020,2020
2472,DrugSeq,12/2/2020,2020
2470,custom,12/2/2020,2020
2473,custom,12/3/2020,2020
2469,10XRNASeq_5prime,12/1/2020,2020
2474,libseq,12/4/2020,2020
2464,libseq,11/24/2020,2020
2475,Genomics,12/7/2020,2020
2477,SLAMseq,12/11/2020,2020
2479,QuantSeq,12/11/2020,2020
2478,Amplicon,12/9/2020,2020
2487,LibSeq,12/21/2020,2020
2481,SMARTer ThruPLEX DNA,12/11/2020,2020
2490,libseq,12/19/2020,2020
2491,Genomics,12/21/2020,2020
2499,RNASeq,12/24/2020,2020
2495,RNASeq NEB,12/21/2020,2020
2498,Amplicon,12/24/2020,2020
2500,custom,12/24/2020,2020
2507,Custom,1/6/2021,2021
2508,custom,1/6/2021,2021
2504,CRISPR,1/5/2021,2021
2505,Genomics,1/5/2021,2021
2486,10XRNASeq_Chromiumv3,12/15/2020,2020
2509,Genomics,1/8/2021,2021
2510,Genomics,1/8/2021,2021
2514,Genomics,1/13/2021,2021
2506,libseq,1/5/2021,2021
2460,RNASeq NEB,11/20/2020,2020
2501,dna_protein_tapestri,12/28/2020,2020
2521,LibSeq,1/22/2021,2021
2522,custom,1/25/2021,2021
2525,libseq,1/28/2021,2021
2518,DrugSeq,1/21/2021,2021
2519,DrugSeq,1/21/2021,2021
2484,miRNASeq,12/11/2020,2020
2515,LIBSeq,1/14/2021,2021
2503,16srRNA,12/29/2020,2020
2529,custom,2/1/2021,2021
2494,RNASeq,12/21/2020,2020
2523,RNASeqPolyA,1/26/2021,2021
2536,Genomics,2/5/2021,2021
2533,DrugSeq,2/2/2021,2021
2447,RNA,11/5/2020,2020
2537,Genomics,2/8/2021,2021
2538,CRISPR,2/9/2021,2021
2543,genomic,2/17/2021,2021
2539,genomic,2/11/2021,2021
2541,Amplicon,2/16/2021,2021
2546,RNASeq_ribo_depl,2/18/2021,2021
2549,SMARTerHT,2/19/2021,2021
2542,RNASeqPolyA,2/16/2021,2021
2551,DudiSeq,2/26/2021,2021
2544,10XRNASeq_Chromiumv3,2/18/2021,2021
2547,RNASeqPolyA,2/18/2021,2021
2554,RNASeq_Takara,3/8/2021,2021
2552,custom,3/2/2021,2021
2553,libseq,3/5/2021,2021
2476,10XRNASeq_Chromiumv3,12/9/2020,2020
2561,RNASeqPolyA,3/18/2021,2021
2557,CRISPR,3/12/2021,2021
2558,SureSelectXT2,3/15/2021,2021
2548,DNA,2/19/2021,2021
2555,RNA,3/10/2021,2021
2559,Cas9 digest,3/18/2021,2021
2567,DrugSeq,3/23/2021,2021
2563,amplicon,3/22/2021,2021
2569,QuantSeq,3/24/2021,2021
2562,10XRNASeq_Chromiumv3,3/22/2021,2021
2560,RNASeq,3/18/2021,2021
2574,miRNASeq,3/30/2021,2021
2566,SureSelectXT2,3/23/2021,2021
2571,RNASeq,3/22/2021,2021
2572,RipTide,3/29/2021,2021
2573,10XRNASeq_Chromiumv3,3/30/2021,2021
2585,CRISPR,4/6/2021,2021
2586,DNASeq,3/25/2021,2021
2577,custom,4/5/2021,2021
2578,custom,4/5/2021,2021
2531,RNA,2/2/2021,2021
2576,ChIPSeq,4/2/2021,2021
2579,custom,4/5/2021,2021
2565,NexteraXTNkitV2,3/23/2021,2021
2575,NexteraXTNkitV2,4/2/2021,2021
2582,mRNASeq,4/6/2021,2021
2602,CRISPR,4/21/2021,2021
2603,10XRNASeq_Chromiumv3,4/22/2021,2021
2564,LibSeq_Crispr,3/22/2021,2021
2604,libseq,4/22/2021,2021
2595,custom,4/19/2021,2021
2606,ribominus_RNASeq,4/23/2021,2021
2594,microbiome,4/19/2021,2021
2583,DrugSeq,4/6/2021,2021
2580,DrugSeq,4/6/2021,2021
2590,DrugSeq,4/14/2021,2021
2610,10XVDJ,4/29/2021,2021
2611,RiptideCustom,5/3/2021,2021
2598,custom,4/20/2021,2021
2605,custom,4/22/2021,2021
2589,Amplicon,4/12/2021,2021
2599,mRNASeq,4/20/2021,2021
2616,mRNASeq,5/4/2021,2021
2612,LibSeq,5/3/2021,2021
2609,DrugSeq,4/27/2021,2021
2617,libseq,5/4/2021,2021
2592,SMARTerHT,4/15/2021,2021
2622,DrugSeqCustom,5/17/2021,2021
2626,CrisprScreen,5/19/2021,2021
2601,RNASeqPolyA,4/20/2021,2021
2624,QuantSeq,5/18/2021,2021
2629,10X,5/26/2021,2021
2619,10XRNASeq_Chromiumv3,5/14/2021,2021
2631,DrugSeqCustom,5/27/2021,2021
2625,DNASeq,5/19/2021,2021
2630,Custom,5/26/2021,2021
2607,DNASeq,4/23/2021,2021
2621,10XRNASeq_Chromiumv3,5/14/2021,2021
2628,DNAseq,5/25/2021,2021
2638,clontech_strandedRNAseq,6/9/2021,2021
2634,10XRNASeq_Chromiumv3,6/7/2021,2021
2641,DNASeq,6/11/2021,2021
2627,RNASeqPolyA,5/25/2021,2021
2640,10XRNASeq_Chromiumv3,6/11/2021,2021
2636,QuantSeq,6/9/2021,2021
2614,ChIPSeq,5/3/2021,2021
2644,DNASeq,6/15/2021,2021
2637,RNASeq,6/9/2021,2021
2647,DrugSeqCustom,6/22/2021,2021
2632,DNASeq,5/28/2021,2021
2648,RNA,6/22/2021,2021
2650,Whole genome sequencing,6/23/2021,2021
2620,10XRNASeq_Chromiumv3,5/14/2021,2021
2652,DNA,6/28/2021,2021
2593,custom,6/8/2021,2021
2633,DNASeq,5/28/2021,2021
2654,RNASeq,7/2/2021,2021
2639,DNA,6/10/2021,2021
2658,DNASeq,7/8/2021,2021
2643,DNAseq/TCR,6/14/2021,2021
2662,SMARTerHT,7/15/2021,2021
2656,SMARTerSeq,7/6/2021,2021
2659,ChIPSeq,7/12/2021,2021
2655,RNASeq,7/6/2021,2021
2608,RNASeq,4/27/2021,2021
2674,NexteraXTNkitV2,8/3/2021,2021
2668,DNASeq,7/22/2021,2021
2665,DNA,7/22/2021,2021
2667,10XRNAseq_Chromiumv3,7/22/2021,2021
2676,CLIPseq,8/3/2021,2021
2657,10XRNAseq_Chromiumv3,7/8/2021,2021
2671,RNASeq,7/26/2021,2021
2673,eCLIP,7/27/2021,2021
2677,DrugSeq,8/5/2021,2021
2660,10XRNAseq_Chromiumv3,7/13/2021,2021
2680,DrugSeqCustom,8/10/2021,2021
2672,Cells,7/27/2021,2021
2679,10XRNAseq_Chromiumv3,8/10/2021,2021
2675,librarySeq,8/3/2021,2021
2664,SMARTer,7/19/2021,2021
2685,DrugSeqCustom,8/17/2021,2021
2689,LibSeq,8/19/2021,2021
2688,RNASeq_RiboDepletion,8/18/2021,2021
2663,NexteraXTNkitV2,7/15/2021,2021
2684,10XRNAseq_Chromiumv3,8/17/2021,2021
2691,10XRNAseq_Chromiumv3,8/23/2021,2021
2690,DrugSeqCustom,8/23/2021,2021
2692,ask,8/24/2021,2021
2695,QuantSeq,9/1/2021,2021
2698,LibSeq,9/1/2021,2021
2697,gDNA,9/1/2021,2021
2701,RNASeq,9/2/2021,2021
2700,DrugSeqCustom,9/2/2021,2021
2696,RNA,9/1/2021,2021
2705,DrugSeqCustom,9/13/2021,2021
2709,DrugSeqCustom,9/16/2021,2021
2703,QuantSeq,9/8/2021,2021
2708,RNA,9/15/2021,2021
2702,LIBSeq,9/8/2021,2021
2706,RNASeqPolyA,9/13/2021,2021
2710,RNASeq_PolyA,9/16/2021,2021
2712,LibSeq,9/27/2021,2021
2707,RNASeq,9/13/2021,2021
2711,RNA,9/22/2021,2021
2717,10XRNAseq_Chromiumv3,9/28/2021,2021
2718,10XRNAseq_Chromiumv3,9/28/2021,2021
2719,10XRNAseq_Chromiumv3,9/29/2021,2021
2716,RNA,9/28/2021,2021
2720,10XRNAseq_Chromiumv3,9/29/2021,2021
2730,DNAseq/TCR,10/12/2021,2021
2729,RNA,10/11/2021,2021
2713,DNASeq,9/28/2021,2021
2735,LibSeq,9/27/2021,2021
2725,RNASeqRibominus,10/6/2021,2021
2726,RNASeq,10/6/2021,2021
2727,QuantSeq,10/6/2021,2021
2723,LibSeq,10/6/2021,2021
2733,RNASeq,10/14/2021,2021
2724,TBD,10/6/2021,2021
2738,RNA,10/19/2021,2021
2728,10XRNAseq_Chromiumv3,10/6/2021,2021
2736,10XRNAseq_Chromiumv3,10/11/2021,2021
2737,10XRNAseq_Chromiumv3,10/15/2021,2021
2714,NexteraXTNkitV2,9/28/2021,2021
2740,10XRNAseq_5prime,10/29/2021,2021
2741,10XRNAseq_Chromiumv3,11/1/2021,2021
2743,RNA,11/3/2021,2021
2746,TCR,11/8/2021,2021
2749,LibSeq,11/16/2021,2021
2750,10XRNAseq_Chromiumv3,11/16/2021,2021
2754,RNASeqNEBPolyA,11/19/2021,2021
2752,LibSeq,11/19/2021,2021
2753,RNASeqNEBRibominus,11/19/2021,2021
2747,RNASeq,11/11/2021,2021
2756,10XRNAseq_Chromiumv3,11/19/2021,2021
2765,DrugSeqCustom,12/1/2021,2021
2758,10XRNAseq_5prime,11/29/2021,2021
2734,16S amplicon,10/18/2021,2021
2751,RNASeqPolyA,11/18/2021,2021
2766,RNASeqRibominus,12/1/2021,2021
2769,TCR,12/3/2021,2021
2770,LIBseq,12/3/2021,2021
2760,amplicon,11/30/2021,2021
2762,LibSeq,11/30/2021,2021
2755,10XRNAseq_Chromiumv3,11/19/2021,2021
2768,10XRNAseq_Chromiumv3,12/2/2021,2021
2775,Human RNA,12/8/2021,2021
2773,10XRNAseq_Chromiumv3,12/6/2021,2021
2761,SMARTerHT,11/30/2021,2021
2763,LibSeq,11/30/2021,2021
2767,LibSeq,12/1/2021,2021
2764,LIBSeq,11/30/2021,2021
2776,LibSeq,12/9/2021,2021
2781,LibSeq,12/16/2021,2021
2779,RNASeq,12/15/2021,2021
2777,DrugSeqCustom,12/16/2021,2021
2778,QuantSeq,12/15/2021,2021
2795,LibSeq,1/19/2022,2022
2759,RNASeqPolyA,11/30/2021,2021
2791,SMARTerHT,1/13/2022,2022
2785,DrugSeqCustom,1/4/2022,2022
2784,10XRNAseq_5prime,12/22/2021,2021
2789,LIBSeq,1/11/2022,2022
2793,RNASeq,1/13/2022,2022
2792,LIBseq,1/13/2022,2022
2783,10XRNAseq_Chromiumv3,12/22/2021,2021
2782,10XRNAseq_Chromiumv3,12/22/2021,2021
128,Directional RNAseq,5/31/2012,2012
113,smallRNA,4/20/2012,2012
131,genomic,5/31/2012,2012
133,RNAseq,6/1/2012,2012
92,RNASeq (NuGEN),3/26/2012,2012
88,smallRNA,3/6/2012,2012
141,custom,6/6/2012,2012
154,TBD,6/25/2012,2012
153,genomic prep,6/20/2012,2012
167,RNASeq,7/17/2012,2012
176,RNASeq_TruSeq,8/7/2012,2012
151,RNASeq,6/20/2012,2012
149,genomic,6/19/2012,2012
180,exome,8/9/2012,2012
188,RNASeq_NUGEN,8/29/2012,2012
182,genomic prep,8/15/2012,2012
196,RNAseq,9/7/2012,2012
37,genomic prep,7/7/2011,2011
217,genomic_prep,10/25/2012,2012
197,genomic_prep,9/10/2012,2012
215,miRNA,10/17/2012,2012
284,TBD,2/21/2013,2013
309,RNAseq,3/27/2013,2013
304,chipseq,3/22/2013,2013
290,Nextera-dual index,2/25/2013,2013
340,custom,5/24/2013,2013
356,ChIPSeq,6/21/2013,2013
350,genomic,6/14/2013,2013
344,RNAseq,6/4/2013,2013
412,genomic_prep_of_cDNA,9/16/2013,2013
422,custom,9/27/2013,2013
445,genomic_prep_of_cDNA,10/29/2013,2013
470,custom,12/20/2013,2013
485,genomicprep,1/22/2014,2014
478,Custom,1/15/2014,2014
487,genomicprep,1/27/2014,2014
490,shRNA,2/6/2014,2014
491,ChIRPseq,2/7/2014,2014
517,genomicprep,4/4/2014,2014
539,RNA-Seq_Ribo_minus,5/21/2014,2014
538,custom,5/21/2014,2014
569,genomic,8/15/2014,2014
568,genomic,8/15/2014,2014
757,genomic prep,7/20/2015,2015
575,RNA Seq,9/12/2014,2014
591,genomic,10/10/2014,2014
642,ChIPSeq,1/16/2015,2015
645,Custom,1/16/2015,2015
657,amplicon,2/13/2015,2015
655,amplicon,2/11/2015,2015
671,custom,3/9/2015,2015
702,RNA Seq,4/10/2015,2015
718,ChIP-Seq,5/6/2015,2015
719,RNA-Seq_Ribo_minus,5/7/2015,2015
722,custom,5/13/2015,2015
728,RNAseq_globinclear,5/26/2015,2015
743,RNAseq,6/19/2015,2015
739,smallRNA,6/18/2015,2015
742,RNAseq_globinclear,6/19/2015,2015
788,genomic prep,9/11/2015,2015
762,amplicn_pool,7/28/2015,2015
770,amplicn_pool,8/10/2015,2015
797,amplicn_pool,9/28/2015,2015
814,GeCKO_Library,10/27/2015,2015
824,RNAseq,11/5/2015,2015
847,amplicon,12/9/2015,2015
903,PCR,2/25/2016,2016
914,user prep,3/8/2016,2016
925,unknown,3/29/2016,2016
929,unknown,4/5/2016,2016
919,RNAseq_PolyA,3/11/2016,2016
950,RNA Seq,4/26/2016,2016
932,ChIPSeq,4/7/2016,2016
955,GeCKO_Library,5/4/2016,2016
978,genomic,6/7/2016,2016
991,user prep,6/21/2016,2016
1006,RNA adapters,7/22/2016,2016
1012,RNASeq NuGen,8/2/2016,2016
1016,DNA,8/4/2016,2016
1027,custom,9/2/2016,2016
1042,RNA adapters,9/23/2016,2016
1030,BarSeq,9/7/2016,2016
1065,custom,11/11/2016,2016
1067,custom,11/29/2016,2016
1070,RNAseq,11/30/2016,2016
1082,RNASeq,12/20/2016,2016
1069,user prep,11/30/2016,2016
2252,libseq,5/11/2020,2020
1091,custom,1/12/2017,2017
1092,DNA,1/17/2017,2017
1096,RNA-Seq_Ribo_minus,1/26/2017,2017
1108,custom,2/15/2017,2017
2253,NGS,5/12/2020,2020
1105,genomic,2/14/2017,2017
1115,custom,2/27/2017,2017
1117,custom,3/2/2017,2017
1122,custom,3/17/2017,2017
1123,ChIPSeq,3/20/2017,2017
1127,concatenate DNA,3/22/2017,2017
1130,custom,3/23/2017,2017
1134,custom,4/7/2017,2017
1136,amplicon_pool,4/11/2017,2017
1141,custom,4/20/2017,2017
1140,genomic,4/18/2017,2017
1176,custom,6/6/2017,2017
1184,custom,6/13/2017,2017
1189,custom,6/20/2017,2017
1200,custom,7/11/2017,2017
2251,10XRNASeq_Chromiumv3,5/11/2020,2020
1209,custom,7/26/2017,2017
1242,custom,8/31/2017,2017
1246,custom,9/5/2017,2017
1238,PCR amplicon,8/28/2017,2017
1265,SMARTer,9/28/2017,2017
1274,Amplicon,10/11/2017,2017
1310,custom,12/7/2017,2017
1296,Amplicon,11/7/2017,2017
1315,miRNA,12/12/2017,2017
1317,Amplicon,12/12/2017,2017
1313,Amplicon,12/11/2017,2017
1340,unknown,1/30/2018,2018
1348,custom,2/13/2018,2018
1355,Amplicon,2/22/2018,2018
1362,custom,3/7/2018,2018
1366,RNA,3/9/2018,2018
1377,unknown,3/22/2018,2018
1378,custom,3/22/2018,2018
1381,unknown,3/23/2018,2018
1364,Amplicon,3/8/2018,2018
1389,amplicon,4/5/2018,2018
1394,gDNA,4/13/2018,2018
1396,gDNA,4/17/2018,2018
1398,Amplicon,4/18/2018,2018
1406,custom,4/26/2018,2018
1451,custom,6/1/2018,2018
1495,plasmid,7/9/2018,2018
1472,Smarter,6/20/2018,2018
1497,TBD,7/10/2018,2018
1502,amplicon,7/12/2018,2018
1510,genomic,7/25/2018,2018
1292,Amplicon,11/3/2017,2017
1549,genomic,8/30/2018,2018
1561,plasmid,9/4/2018,2018
711,genomic,4/22/2015,2015
1587,NGS,9/13/2018,2018
1603,genomic,9/17/2018,2018
1609,library,9/14/2018,2018
1608,genomic,9/19/2018,2018
1610,genomic,9/20/2018,2018
1625,NGS,9/28/2018,2018
1629,NGS,10/1/2018,2018
1660,genomic,10/22/2018,2018
1647,Amplicon,10/16/2018,2018
1677,genomic,11/6/2018,2018
1691,NGS,11/14/2018,2018
1682,DNA,11/9/2018,2018
1693,NGS,11/15/2018,2018
1708,NEBUltraII,12/6/2018,2018
1722,gDNA,12/14/2018,2018
1719,Amplicon,12/13/2018,2018
2269,DNA,6/1/2020,2020
1731,NGS,12/27/2018,2018
2274,fake,6/10/2020,2020
1733,NGS,12/28/2018,2018
2264,libseq,5/26/2020,2020
2286,CRISPR,6/18/2020,2020
2277,NGS,6/13/2020,2020
1751,NGS,2/5/2019,2019
1759,Genomics,2/11/2019,2019
1754,Amplicon,2/6/2019,2019
1766,Amplicon,2/15/2019,2019
1777,NGS,2/26/2019,2019
1783,Amplicon,3/4/2019,2019
1791,NGS,3/12/2019,2019
1814,DNA_ultraII,3/25/2019,2019
1813,SMARTer,3/25/2019,2019
1816,iGenXTruSeq,3/27/2019,2019
2278,Genomics,6/15/2020,2020
1811,crisper_amplicon,3/22/2019,2019
1828,SMARTer,4/4/2019,2019
1833,NGS,4/11/2019,2019
1832,plasmid,4/10/2019,2019
1836,Plasmid,4/15/2019,2019
1825,custom_amplicon,4/2/2019,2019
1846,DNA,4/23/2019,2019
1847,NGS,4/23/2019,2019
1858,genomic,4/29/2019,2019
1865,genomic,5/2/2019,2019
1870,CRISPR,5/6/2019,2019
1852,Amplicon,4/26/2019,2019
1875,CRISPR,5/13/2019,2019
1884,fake,5/17/2019,2019
1895,Amplicon,5/30/2019,2019
1904,CRISPR,6/6/2019,2019
1906,dummy,5/29/2019,2019
1911,CRISPR,6/17/2019,2019
1917,NGS,6/21/2019,2019
1919,DNA,6/25/2019,2019
1918,CRISPR,6/24/2019,2019
1921,DNA,6/28/2019,2019
1922,DNA,7/1/2019,2019
1923,tRNA_miRNASeq,7/1/2019,2019
1928,DNA,7/3/2019,2019
1941,CRISPR,7/15/2019,2019
1946,genomic,7/18/2019,2019
1963,Genomics,8/8/2019,2019
1966,SmartStranded,8/9/2019,2019
1968,Genomics,8/12/2019,2019
1981,Genomics,8/22/2019,2019
1990,genomic,8/27/2019,2019
1993,DNA,8/29/2019,2019
1996,DNA,9/5/2019,2019
2004,DNA,9/12/2019,2019
2008,NGS,9/17/2019,2019
2010,Genomics,9/18/2019,2019
2024,NGS,9/24/2019,2019
2026,NGS,9/25/2019,2019
2031,DNA,10/1/2019,2019
2034,custom,10/2/2019,2019
2041,DNA,10/10/2019,2019
2065,custom,10/31/2019,2019
2063,DNA,10/29/2019,2019
2070,DNA,10/31/2019,2019
2078,NGS,11/8/2019,2019
2092,NGS,11/18/2019,2019
2093,DNA,11/19/2019,2019
2095,user-prepped library,11/20/2019,2019
2052,Amplicon,10/16/2019,2019
2101,DNA,12/2/2019,2019
2103,DNA,12/3/2019,2019
2119,DNA,12/12/2019,2019
2143,DrugSeq,12/20/2019,2019
2100,ChIP-seq CUT&RUN,11/27/2019,2019
2152,DNA,1/6/2020,2020
2159,Fake,1/13/2020,2020
2160,DNA,1/14/2020,2020
2157,amplicon,1/9/2020,2020
2153,TCR,1/8/2020,2020
2083,ASK,11/12/2019,2019
2133,TCR,12/18/2019,2019
2166,NGS,1/23/2020,2020
2167,Cut & Run,1/24/2020,2020
2174,Genomics,1/29/2020,2020
2197,DNA,2/18/2020,2020
2198,DNA,2/19/2020,2020
2200,DNA,2/20/2020,2020
2201,DNA,2/21/2020,2020
2203,CRISPR,2/25/2020,2020
2206,CRISPR,2/27/2020,2020
2209,CRISPR,3/2/2020,2020
2217,DNA,3/5/2020,2020
2228,DNA,3/10/2020,2020
2236,CRISPR,4/1/2020,2020
2237,CRISPR,4/3/2020,2020
2287,libseq,6/20/2020,2020
2290,CRISPR,6/24/2020,2020
2288,CRISPR,6/22/2020,2020
2293,libseq,6/26/2020,2020
2295,libseq,6/27/2020,2020
2299,CRISPR,7/1/2020,2020
2302,libseq,7/3/2020,2020
2308,Genomics,7/7/2020,2020
2315,CRISPR,7/13/2020,2020
2234,fake,3/18/2020,2020
2318,Genomics,7/15/2020,2020
2323,cDNA_NexteraXTNkitV2,7/21/2020,2020
2332,DudiSeq,7/30/2020,2020
2339,CRISPR,8/3/2020,2020
2343,Genomics,8/6/2020,2020
2348,CRISPR,8/10/2020,2020
2345,libseq,8/7/2020,2020
2356,Genomics,8/14/2020,2020
2353,Genomics,8/12/2020,2020
2357,libseq,8/15/2020,2020
2360,Genomics,8/17/2020,2020
2361,DudiSeq,8/18/2020,2020
2369,Genomics,8/28/2020,2020
2370,libseq,8/28/2020,2020
2373,RNA,9/1/2020,2020
2381,libseq,9/5/2020,2020
2389,Genomics,9/14/2020,2020
2395,crisper_amplicon,9/18/2020,2020
2398,CRISPR,9/22/2020,2020
2399,Genomics,9/24/2020,2020
2400,CRISPR,9/27/2020,2020
2404,Genomics,9/29/2020,2020
2401,CRISPR,9/28/2020,2020
2411,RNA,10/1/2020,2020
2412,CRISPR,10/2/2020,2020
2420,CRISPR,10/8/2020,2020
2382,RNA,9/9/2020,2020
2423,CRISPR,10/14/2020,2020
2425,libseq,10/16/2020,2020
2427,10X5prime,10/20/2020,2020
2435,libseq,10/23/2020,2020
2437,CRISPR,10/28/2020,2020
2445,Amplicon,11/4/2020,2020
2461,libseq,11/21/2020,2020
2457,RNASeq PolyA,11/18/2020,2020
2480,CRISPR,12/11/2020,2020
2485,libseq,12/12/2020,2020
2439,Amplicon,10/28/2020,2020
2488,DrugSeq,12/18/2020,2020
2489,DrugSeq,12/18/2020,2020
2492,Genomics,12/21/2020,2020
2496,libseq,12/22/2020,2020
2497,RipTideCustom,12/23/2020,2020
2511,libseq,1/8/2021,2021
2512,Genomics,1/11/2021,2021
2513,Genomics,1/12/2021,2021
2516,libseq,1/15/2021,2021
2517,CRISPR,1/21/2021,2021
2520,DrugSeq,1/21/2021,2021
2545,CRISPR,2/18/2021,2021
2540,Genomics,2/11/2021,2021
2550,CRISPR,2/22/2021,2021
2530,libseq,2/2/2021,2021
2556,10XVDJ,3/11/2021,2021
2570,CRISPR,3/26/2021,2021
2587,CRISPR,4/7/2021,2021
2588,RipTide,4/8/2021,2021
2591,CRISPR,4/15/2021,2021
2618,DrugSeq,5/13/2021,2021
2651,ChIPSeq,6/23/2021,2021
2653,DNA,6/29/2021,2021
2642,CrisprScreen,6/14/2021,2021
2666,RNA,7/22/2021,2021
2645,10XRNASeq_Chromiumv3,6/21/2021,2021
2678,Riptide,8/5/2021,2021
2669,RNASeq,7/26/2021,2021
2683,RNA,8/16/2021,2021
2687,LibSeq,8/17/2021,2021
2693,custom,8/30/2021,2021
2704,custom,9/9/2021,2021
2694,RNA,9/1/2021,2021
2731,amplicon,10/12/2021,2021
2722,SMARTer,10/4/2021,2021
2715,DNAseq,9/28/2021,2021
2739,LibSeq,10/27/2021,2021
2742,10XRNAseq_Chromiumv3,11/1/2021,2021
2745,10XRNAseq_Chromiumv3,11/4/2021,2021
2772,10XRNAseq_Chromiumv3,12/6/2021,2021
2771,10XRNAseq_Chromiumv3,12/6/2021,2021
2780,DNASeq,12/15/2021,2021
2790,Human Liver RNA,1/12/2022,2022
