row,project_uid,primary_investigator_uid,creation_date,assigned_to
1,1,1,4/20/2011,NULL
2,2,2,4/20/2011,NULL
3,3,3,4/20/2011,NULL
4,4,4,4/21/2011,NULL
5,5,4,4/21/2011,NULL
6,6,4,4/21/2011,NULL
7,7,5,4/25/2011,NULL
8,8,6,5/2/2011,NULL
9,9,7,5/4/2011,NULL
10,10,8,5/4/2011,NULL
11,11,8,5/4/2011,NULL
12,12,9,5/10/2011,NULL
13,13,10,5/11/2011,NULL
14,14,11,5/11/2011,NULL
15,15,12,5/12/2011,NULL
16,16,13,5/12/2011,NULL
17,17,14,5/12/2011,NULL
18,18,7,5/13/2011,NULL
19,19,15,5/17/2011,NULL
20,20,16,5/17/2011,NULL
21,21,17,5/23/2011,NULL
22,22,18,6/2/2011,NULL
23,23,19,6/2/2011,NULL
24,24,9,6/2/2011,NULL
25,25,20,6/8/2011,NULL
26,26,20,6/8/2011,NULL
27,27,13,6/10/2011,NULL
28,28,16,6/10/2011,NULL
29,29,21,6/20/2011,NULL
30,30,22,6/23/2011,NULL
31,31,23,6/23/2011,NULL
32,32,24,6/24/2011,NULL
33,33,3,6/24/2011,NULL
34,34,25,6/29/2011,NULL
35,35,25,7/6/2011,NULL
36,36,7,7/6/2011,NULL
37,37,26,7/7/2011,NULL
38,38,27,7/18/2011,NULL
39,39,14,7/21/2011,NULL
40,40,28,7/22/2011,NULL
41,41,5,8/5/2011,NULL
42,42,12,8/5/2011,NULL
43,43,12,8/12/2011,NULL
44,44,5,8/16/2011,NULL
45,45,29,8/18/2011,NULL
46,46,4,8/22/2011,NULL
47,47,30,8/24/2011,NULL
48,48,31,8/25/2011,NULL
49,49,32,9/6/2011,NULL
50,50,16,9/6/2011,NULL
51,51,33,9/23/2011,NULL
52,52,16,9/23/2011,NULL
53,53,5,9/28/2011,NULL
54,54,25,10/4/2011,NULL
55,55,34,10/6/2011,NULL
56,56,35,10/6/2011,NULL
57,57,13,10/12/2011,NULL
58,58,36,10/12/2011,NULL
59,59,37,10/18/2011,NULL
60,60,37,10/18/2011,NULL
61,61,38,10/18/2011,NULL
62,62,39,10/26/2011,NULL
63,63,40,10/31/2011,NULL
64,64,41,11/3/2011,NULL
65,65,4,11/15/2011,NULL
66,66,37,11/18/2011,NULL
67,67,42,12/9/2011,NULL
68,68,43,12/13/2011,NULL
69,69,36,12/13/2011,NULL
70,70,35,12/13/2011,NULL
71,71,44,12/13/2011,NULL
72,72,19,12/19/2011,NULL
73,73,45,12/20/2011,NULL
74,74,16,12/22/2011,NULL
75,75,11,1/5/2012,NULL
76,76,45,1/23/2012,NULL
77,77,45,1/23/2012,NULL
78,78,46,1/24/2012,NULL
79,79,47,1/24/2012,NULL
80,80,10,2/9/2012,NULL
81,81,35,2/9/2012,NULL
82,82,9,2/9/2012,NULL
83,83,48,2/10/2012,NULL
84,84,49,2/17/2012,NULL
85,85,17,2/23/2012,NULL
86,86,50,2/27/2012,NULL
87,87,4,2/27/2012,NULL
88,88,51,3/6/2012,NULL
89,89,52,3/20/2012,NULL
90,90,53,3/20/2012,NULL
91,91,48,3/21/2012,NULL
92,92,48,3/26/2012,NULL
93,93,48,3/27/2012,NULL
94,94,4,3/30/2012,NULL
95,95,17,4/2/2012,NULL
96,96,45,4/3/2012,NULL
97,97,15,4/4/2012,NULL
98,98,54,4/9/2012,NULL
99,99,4,4/9/2012,NULL
100,100,29,4/9/2012,NULL
101,101,17,4/9/2012,NULL
102,102,47,4/9/2012,NULL
103,103,16,4/9/2012,NULL
104,104,50,4/12/2012,NULL
105,105,55,4/12/2012,NULL
106,106,56,4/17/2012,NULL
107,107,4,4/17/2012,NULL
108,108,45,4/17/2012,NULL
109,109,45,4/17/2012,NULL
110,110,45,4/17/2012,NULL
111,111,39,4/17/2012,NULL
112,112,50,4/20/2012,NULL
113,113,57,4/20/2012,NULL
114,114,58,4/20/2012,NULL
115,115,14,5/9/2012,NULL
116,116,4,5/10/2012,NULL
117,117,59,5/15/2012,NULL
118,118,25,5/15/2012,NULL
119,119,43,5/15/2012,NULL
120,120,57,5/21/2012,NULL
121,121,60,5/22/2012,NULL
122,122,7,5/23/2012,NULL
123,123,50,5/24/2012,NULL
124,124,61,5/29/2012,NULL
125,126,16,5/31/2012,NULL
126,127,43,5/31/2012,NULL
127,128,4,5/31/2012,NULL
128,129,62,5/31/2012,NULL
129,130,25,5/31/2012,NULL
130,131,63,5/31/2012,NULL
131,133,49,6/1/2012,NULL
132,134,12,6/1/2012,NULL
133,135,9,6/1/2012,NULL
134,136,7,6/5/2012,NULL
135,137,25,6/5/2012,NULL
136,139,50,6/5/2012,NULL
137,140,65,6/6/2012,NULL
138,141,45,6/6/2012,NULL
139,142,66,6/6/2012,NULL
140,144,67,6/7/2012,NULL
141,145,25,6/8/2012,NULL
142,146,68,6/8/2012,NULL
143,147,5,6/8/2012,NULL
144,148,50,6/19/2012,NULL
145,149,50,6/19/2012,NULL
146,150,12,6/19/2012,NULL
147,151,50,6/20/2012,NULL
148,152,47,6/21/2012,NULL
149,153,15,6/20/2012,NULL
150,154,69,6/25/2012,NULL
151,155,4,6/26/2012,NULL
152,156,16,6/26/2012,NULL
153,157,43,6/27/2012,NULL
154,158,70,7/2/2012,NULL
155,159,16,7/2/2012,NULL
156,160,16,7/2/2012,NULL
157,161,16,7/2/2012,NULL
158,163,16,7/2/2012,NULL
159,164,16,7/3/2012,NULL
160,165,50,7/11/2012,NULL
161,166,48,7/17/2012,NULL
162,167,15,7/17/2012,NULL
163,168,4,7/17/2012,NULL
164,169,49,7/18/2012,NULL
165,170,37,7/26/2012,NULL
166,171,50,7/26/2012,NULL
167,172,65,7/26/2012,NULL
168,173,35,7/31/2012,NULL
169,174,15,7/31/2012,core
170,175,47,8/2/2012,NULL
171,176,43,8/7/2012,NULL
172,177,54,8/9/2012,NULL
173,178,55,8/9/2012,NULL
174,179,36,8/9/2012,NULL
175,180,71,8/9/2012,NULL
176,181,15,8/13/2012,NULL
177,182,70,8/15/2012,NULL
178,183,72,8/16/2012,NULL
179,184,17,8/28/2012,NULL
180,185,7,8/28/2012,NULL
181,186,49,8/29/2012,NULL
182,187,73,8/29/2012,NULL
183,188,68,8/29/2012,NULL
184,189,74,9/4/2012,NULL
185,190,43,9/4/2012,NULL
186,191,75,9/5/2012,core
187,192,76,9/5/2012,NULL
188,193,50,9/5/2012,NULL
189,194,16,9/6/2012,NULL
190,195,25,9/6/2012,NULL
191,196,47,9/7/2012,NULL
192,197,9,9/10/2012,NULL
193,198,9,9/10/2012,NULL
194,199,77,9/7/2012,NULL
195,200,66,9/12/2012,NULL
196,201,37,9/12/2012,NULL
197,202,14,9/12/2012,NULL
198,203,16,9/13/2012,NULL
199,204,73,9/14/2012,NULL
200,205,45,9/17/2012,NULL
201,206,16,9/17/2012,NULL
202,207,45,9/26/2012,NULL
203,208,50,9/27/2012,NULL
204,209,47,10/1/2012,NULL
205,210,79,10/3/2012,NULL
206,211,57,10/5/2012,NULL
207,212,20,10/5/2012,NULL
208,213,80,10/5/2012,NULL
209,214,51,10/15/2012,NULL
210,215,81,10/17/2012,NULL
211,216,82,10/24/2012,NULL
212,217,83,10/25/2012,NULL
213,218,48,10/26/2012,NULL
214,219,84,10/30/2012,NULL
215,220,4,10/31/2012,NULL
216,221,16,11/1/2012,NULL
217,222,16,11/1/2012,core
218,223,16,11/1/2012,NULL
219,224,16,11/1/2012,NULL
220,225,15,11/2/2012,NULL
221,226,85,11/5/2012,NULL
222,227,68,11/5/2012,NULL
223,228,23,11/5/2012,NULL
224,229,39,11/5/2012,NULL
225,230,16,11/7/2012,NULL
226,231,56,11/12/2012,NULL
227,232,36,11/12/2012,NULL
228,233,50,11/12/2012,core
229,234,65,11/12/2012,NULL
230,235,84,11/20/2012,NULL
231,236,4,11/20/2012,NULL
232,237,7,12/4/2012,NULL
233,238,36,12/5/2012,NULL
234,239,16,12/5/2012,NULL
235,240,86,12/6/2012,NULL
236,241,15,12/6/2012,NULL
237,242,57,12/7/2012,NULL
238,243,37,12/12/2012,NULL
239,244,45,12/12/2012,NULL
240,245,45,12/14/2012,NULL
241,246,23,12/20/2012,NULL
242,247,48,12/21/2012,NULL
243,248,86,12/21/2012,NULL
244,249,66,12/28/2012,NULL
245,250,66,12/28/2012,NULL
246,251,87,1/2/2013,NULL
247,252,88,1/10/2013,NULL
248,253,83,1/10/2013,NULL
249,254,47,1/10/2013,NULL
250,255,39,1/11/2013,NULL
251,256,15,1/15/2013,NULL
252,257,89,1/15/2013,NULL
253,258,16,1/15/2013,NULL
254,259,43,1/16/2013,NULL
255,260,90,1/22/2013,NULL
256,261,36,1/23/2013,NULL
257,262,4,1/23/2013,NULL
258,263,16,1/24/2013,NULL
259,264,57,1/24/2013,NULL
260,265,9,1/24/2013,NULL
261,266,50,1/25/2013,NULL
262,267,66,1/25/2013,NULL
263,268,91,1/28/2013,NULL
264,269,36,1/30/2013,NULL
265,270,50,2/1/2013,NULL
266,271,68,2/4/2013,NULL
267,272,39,2/4/2013,NULL
268,273,4,2/7/2013,NULL
269,274,43,2/8/2013,NULL
270,275,66,2/8/2013,NULL
271,276,66,2/8/2013,NULL
272,277,66,2/8/2013,NULL
273,278,15,2/8/2013,NULL
274,279,93,2/11/2013,NULL
275,280,68,2/12/2013,NULL
276,281,8,2/20/2013,NULL
277,282,65,2/21/2013,NULL
278,283,16,2/21/2013,
279,284,9,2/21/2013,NULL
280,285,36,2/22/2013,NULL
281,286,49,2/22/2013,NULL
282,287,25,2/22/2013,NULL
283,288,25,2/22/2013,NULL
284,289,66,2/22/2013,NULL
285,290,92,2/25/2013,NULL
286,291,43,2/28/2013,NULL
287,292,43,3/1/2013,NULL
288,293,4,3/8/2013,NULL
289,294,15,3/8/2013,NULL
290,295,4,3/12/2013,
291,296,84,3/14/2013,NULL
292,297,66,3/15/2013,NULL
293,298,66,3/15/2013,NULL
294,299,94,3/19/2013,NULL
295,300,57,3/21/2013,NULL
296,301,15,3/21/2013,NULL
297,302,16,3/21/2013,NULL
298,303,16,3/22/2013,core
299,304,4,3/22/2013,NULL
300,305,37,3/25/2013,NULL
301,306,79,3/26/2013,NULL
302,307,91,3/26/2013,NULL
303,308,36,3/26/2013,NULL
304,309,47,3/27/2013,NULL
305,310,95,4/1/2013,NULL
306,311,92,4/4/2013,NULL
307,312,96,4/4/2013,NULL
308,313,16,4/4/2013,NULL
309,314,13,4/4/2013,NULL
310,315,9,4/9/2013,NULL
311,316,82,4/12/2013,NULL
312,317,97,4/16/2013,NULL
313,318,57,4/17/2013,NULL
314,319,15,4/24/2013,NULL
315,320,36,4/24/2013,NULL
316,321,80,4/24/2013,core
317,322,98,4/24/2013,NULL
318,323,99,4/26/2013,NULL
319,324,91,4/30/2013,NULL
320,325,90,5/3/2013,NULL
321,326,8,5/3/2013,NULL
322,327,16,5/9/2013,NULL
323,328,7,5/9/2013,NULL
324,329,16,5/9/2013,NULL
325,330,90,5/9/2013,core
326,331,16,5/10/2013,NULL
327,332,37,5/13/2013,NULL
328,333,16,5/16/2013,core
329,334,65,5/20/2013,NULL
330,335,15,5/22/2013,NULL
331,336,72,5/23/2013,NULL
332,337,75,5/24/2013,NULL
333,338,36,5/24/2013,
334,339,36,5/24/2013,
335,340,100,5/24/2013,NULL
336,341,16,5/24/2013,NULL
337,342,101,5/28/2013,NULL
338,343,43,6/3/2013,NULL
339,344,49,6/4/2013,user prep
340,345,102,6/7/2013,core
341,346,16,6/13/2013,NULL
342,347,25,6/13/2013,
343,348,17,6/13/2013,NULL
344,349,24,6/13/2013,NULL
345,350,9,6/14/2013,core
346,351,43,6/14/2013,NULL
347,352,43,6/14/2013,NULL
348,353,4,6/14/2013,core
349,354,50,6/17/2013,core
350,355,103,6/18/2013,
351,356,4,6/21/2013,NULL
352,357,36,6/21/2013,NULL
353,358,15,6/21/2013,NULL
354,359,104,6/24/2013,core
355,360,105,6/24/2013,core
356,361,106,6/26/2013,core
357,362,37,6/27/2013,N/A
358,363,36,6/28/2013,NULL
359,364,97,6/28/2013,
360,365,16,7/3/2013,NULL
361,366,4,7/3/2013,NULL
362,367,16,7/3/2013,core
363,368,16,7/11/2013,
364,369,103,7/17/2013,NULL
365,370,43,7/18/2013,
366,371,15,7/19/2013,
367,372,36,7/22/2013,
368,373,9,7/24/2013,user prep
369,374,107,7/25/2013,core
370,375,14,7/25/2013,core
371,376,23,7/25/2013,core
372,377,103,7/25/2013,
373,378,16,7/26/2013,core
374,379,96,7/29/2013,core
375,380,108,7/30/2013,core
376,381,66,7/31/2013,
377,382,66,7/31/2013,
378,383,4,7/31/2013,
379,384,65,7/31/2013,core
380,385,4,8/6/2013,core
381,386,109,8/6/2013,core
382,387,94,8/8/2013,core
383,388,110,8/9/2013,core
384,389,33,8/12/2013,core
385,390,111,8/13/2013,user prep
386,391,36,8/14/2013,NULL
387,392,4,8/14/2013,
388,393,112,8/14/2013,user prep
389,394,98,8/14/2013,core
390,395,37,8/15/2013,N/A
391,396,4,8/27/2013,core
392,397,16,8/28/2013,NULL
393,398,39,8/28/2013,core
394,399,16,8/28/2013,
395,400,77,8/29/2013,core
396,401,16,8/30/2013,
397,402,16,9/3/2013,core
398,403,91,9/6/2013,core
399,404,91,9/6/2013,core
400,405,66,9/6/2013,NULL
401,406,66,9/6/2013,NULL
402,407,15,9/6/2013,
403,408,67,9/9/2013,core
404,409,50,9/11/2013,core
405,410,43,9/12/2013,core
406,411,113,9/16/2013,core
407,412,25,9/16/2013,user prep
408,413,16,9/16/2013,core
409,414,114,9/16/2013,core
410,415,77,9/17/2013,
411,416,81,9/19/2013,core
412,417,115,9/19/2013,core
413,418,116,9/20/2013,N/A
414,419,103,9/20/2013,user prep
415,420,92,9/24/2013,core
416,421,96,9/27/2013,core
417,422,117,9/27/2013,core
418,423,66,9/27/2013,user prep
419,424,36,9/27/2013,user prep
420,425,37,10/1/2013,core
421,426,37,10/1/2013,
422,427,86,10/1/2013,user prep
423,428,44,10/3/2013,core
424,429,13,10/9/2013,core
425,430,13,10/9/2013,core
426,431,4,10/15/2013,core
427,432,15,10/15/2013,core
428,433,15,10/15/2013,core
429,434,33,10/16/2013,core
430,435,96,10/17/2013,core
431,436,118,10/17/2013,core
432,437,37,10/17/2013,core
433,438,80,10/17/2013,core
434,439,65,10/18/2013,user prep
435,440,16,10/21/2013,NULL
436,441,119,10/21/2013,core
437,442,50,10/22/2013,core
438,443,31,10/24/2013,core
439,444,29,10/25/2013,core
440,445,7,10/29/2013,
441,446,44,10/29/2013,core
442,447,120,10/31/2013,user prep
443,448,15,10/31/2013,core
444,449,98,11/4/2013,core
445,450,106,11/4/2013,core
446,451,121,11/18/2013,core
447,452,122,11/18/2013,core
448,453,44,11/19/2013,core
449,454,50,11/19/2013,
450,455,9,11/21/2013,
451,456,15,11/22/2013,NULL
452,457,15,11/22/2013,
453,458,15,11/22/2013,
454,459,65,11/26/2013,
455,460,8,11/26/2013,core
456,461,4,12/2/2013,core
457,462,30,12/2/2013,core
458,463,4,12/2/2013,core
459,464,123,12/4/2013,user prep
460,465,124,12/4/2013,core
461,466,86,12/6/2013,user prep
462,467,113,12/10/2013,core
463,468,45,12/11/2013,core
464,469,45,12/11/2013,core
465,470,7,12/20/2013,user prep
466,471,16,12/27/2013,core
467,472,8,1/3/2014,core
468,473,50,1/6/2014,core
469,474,45,1/6/2014,core
470,475,125,1/9/2014,core
471,476,118,1/10/2014,core
472,477,108,1/10/2014,core
473,478,7,1/15/2014,
474,479,16,1/15/2014,
475,480,16,1/15/2014,
476,481,4,1/15/2014,core
477,482,13,1/17/2014,core
478,483,126,1/20/2014,core
479,484,69,1/21/2014,user prep
480,485,52,1/22/2014,core
481,486,13,1/27/2014,core
482,487,86,1/27/2014,core
483,488,52,2/3/2014,core
484,489,50,2/4/2014,core
485,490,86,2/6/2014,user prep
486,491,87,2/7/2014,core
487,492,96,2/14/2014,core
488,493,48,2/14/2014,core
489,494,45,2/21/2014,core
490,495,4,2/21/2014,core
491,496,68,2/21/2014,core
492,497,65,2/24/2014,core
493,498,4,2/25/2014,core
494,499,16,3/5/2014,core
495,500,8,3/5/2014,core
496,501,127,3/5/2014,core
497,502,4,3/5/2014,core
498,503,9,3/11/2014,user prep
499,504,44,3/17/2014,core
500,505,128,3/17/2014,user prep
501,506,129,3/18/2014,core
502,507,130,3/19/2014,core
503,508,16,3/20/2014,core
504,509,16,3/20/2014,core
505,510,98,3/25/2014,core
506,511,33,3/31/2014,core
507,512,45,4/1/2014,core
508,513,86,4/1/2014,core
509,514,91,4/3/2014,user prep
510,515,120,4/3/2014,user prep
511,516,65,4/3/2014,core
512,517,7,4/4/2014,user prep
513,518,122,4/11/2014,core
514,519,9,4/16/2014,user prep
515,520,9,4/16/2014,user prep
516,521,131,4/17/2014,core
517,522,4,4/17/2014,
518,523,118,4/21/2014,core
519,524,66,4/23/2014,core
520,525,45,4/23/2014,core
521,526,8,4/28/2014,core
522,528,108,4/29/2014,core
523,529,118,5/6/2014,core
524,530,9,5/7/2014,user prep
525,531,35,5/7/2014,core
526,532,45,5/12/2014,
527,533,23,5/12/2014,core
528,534,6,5/14/2014,user prep
529,535,6,5/14/2014,core
530,536,123,5/15/2014,user prep
531,538,7,5/21/2014,user prep
532,539,4,5/21/2014,core
533,540,4,6/10/2014,core
534,541,87,6/10/2014,core
535,542,115,6/17/2014,user prep
536,543,132,6/18/2014,user prep
537,544,33,6/18/2014,core
538,545,33,6/23/2014,core
539,546,133,6/26/2014,core
540,547,87,6/27/2014,core
541,548,29,6/27/2014,core
542,549,23,7/3/2014,core
543,550,14,7/9/2014,NULL
544,551,5,7/11/2014,user prep
545,552,134,7/11/2014,core
546,553,66,7/11/2014,core
547,554,7,7/11/2014,user prep
548,555,4,7/14/2014,core
549,556,4,7/14/2014,core
550,557,135,7/17/2014,core
551,558,4,7/18/2014,core
552,559,136,7/24/2014,core
553,560,33,7/24/2014,user prep
554,561,66,7/25/2014,core
555,562,16,7/28/2014,core
556,563,132,7/29/2014,core
557,564,137,7/30/2014,
558,565,138,7/30/2014,core
559,566,13,7/31/2014,core
560,568,15,8/15/2014,user prep
561,569,15,8/15/2014,user prep
562,570,11,8/18/2014,core
563,571,90,8/19/2014,core
564,572,139,8/20/2014,core
565,573,66,9/10/2014,core
566,574,140,9/10/2014,core
567,575,129,9/12/2014,core
568,576,9,9/12/2014,user prep
569,577,86,9/12/2014,user prep
570,578,65,9/19/2014,core
571,579,30,9/23/2014,core
572,580,79,9/23/2014,core
573,581,141,9/25/2014,core
574,582,33,9/25/2014,core
575,583,33,9/25/2014,core
576,584,142,9/25/2014,user prep
577,585,7,9/26/2014,user prep
578,586,143,9/29/2014,core
579,588,98,10/3/2014,core
580,589,108,10/8/2014,core
581,590,68,10/9/2014,core
582,591,15,10/10/2014,NULL
583,592,50,10/16/2014,core
584,593,132,10/16/2014,core
585,594,80,10/17/2014,core
586,595,118,10/17/2014,core
587,596,33,10/24/2014,NULL
588,597,144,11/5/2014,user prep
589,598,145,11/5/2014,core
590,599,15,11/5/2014,core
591,600,33,11/5/2014,user prep
592,601,146,11/5/2014,NULL
593,602,33,11/11/2014,core
594,603,4,11/11/2014,core
595,604,9,11/11/2014,core
596,605,66,11/11/2014,core
597,606,66,11/13/2014,core
598,607,66,11/14/2014,core
599,608,115,11/14/2014,core
600,609,122,11/18/2014,
601,610,50,11/18/2014,core
602,611,4,11/19/2014,core
603,612,147,11/20/2014,core
604,613,49,11/21/2014,core
605,614,108,11/21/2014,core
606,615,106,11/21/2014,core
607,616,132,12/3/2014,
608,617,4,12/5/2014,core
609,618,71,12/12/2014,core
610,619,15,12/12/2014,
611,620,15,12/12/2014,
612,621,16,12/16/2014,NULL
613,622,16,12/16/2014,NULL
614,623,16,12/16/2014,core
615,624,58,12/16/2014,core
616,625,16,12/16/2014,NULL
617,626,23,12/16/2014,
618,627,16,12/19/2014,
619,628,9,12/23/2014,core
620,629,148,12/23/2014,core
621,630,7,12/23/2014,core
622,631,48,12/23/2014,core
623,632,149,1/5/2015,core
624,633,33,1/5/2015,user prep
625,634,150,1/9/2015,
626,635,33,1/12/2015,core
627,636,16,1/13/2015,
628,637,115,1/14/2015,core
629,638,118,1/15/2015,core
630,639,114,1/15/2015,core
631,640,16,1/15/2015,
632,641,145,1/16/2015,core
633,642,147,1/16/2015,core
634,643,15,1/16/2015,user prep
635,644,15,1/16/2015,user prep
636,645,15,1/16/2015,user prep
637,646,15,1/16/2015,user prep
638,647,15,1/16/2015,user prep
639,648,83,1/20/2015,core
640,649,11,1/28/2015,core
641,650,111,2/2/2015,core
642,651,49,2/3/2015,core
643,652,151,2/5/2015,core
644,653,8,2/6/2015,core
645,654,8,2/6/2015,core
646,655,122,2/11/2015,core
647,656,15,2/13/2015,user prep
648,657,136,2/13/2015,core
649,658,33,2/17/2015,user prep
650,659,98,2/18/2015,core
651,660,111,2/19/2015,core
652,661,152,2/20/2015,core
653,662,153,2/20/2015,core
654,663,149,2/23/2015,core
655,664,127,2/24/2015,core
656,665,15,2/26/2015,
657,666,15,2/26/2015,
658,668,129,3/2/2015,core
659,669,15,3/2/2015,
660,670,118,3/3/2015,core
661,671,154,3/9/2015,user prep
662,672,44,3/10/2015,core
663,673,145,3/10/2015,core
664,674,15,3/16/2015,core
665,675,16,3/17/2015,
666,676,16,3/17/2015,
667,677,91,3/17/2015,user prep
668,678,65,3/17/2015,core
669,679,147,3/18/2015,user prep
670,680,7,3/18/2015,user prep
671,681,114,3/19/2015,core
672,682,16,3/20/2015,
673,683,16,3/23/2015,
674,684,144,3/25/2015,core
675,685,4,3/27/2015,
676,686,154,4/3/2015,user prep
677,687,15,4/7/2015,
678,688,147,4/8/2015,core
679,689,16,4/8/2015,user prep
680,690,16,4/8/2015,user prep
681,691,16,4/8/2015,user prep
682,692,16,4/8/2015,user prep
683,693,16,4/8/2015,user prep
684,694,16,4/8/2015,user prep
685,695,16,4/8/2015,user prep
686,696,16,4/8/2015,user prep
687,697,16,4/8/2015,user prep
688,698,16,4/8/2015,user prep
689,699,16,4/8/2015,user prep
690,700,16,4/8/2015,user prep
691,701,16,4/10/2015,user prep
692,702,16,4/10/2015,core
693,703,122,4/13/2015,core
694,704,15,4/16/2015,user prep
695,705,91,4/16/2015,user prep
696,706,91,4/16/2015,user prep
697,707,9,4/20/2015,user prep
698,708,156,4/20/2015,core
699,709,106,4/21/2015,core
700,710,149,4/22/2015,core
701,711,23,4/22/2015,core
702,712,111,4/24/2015,core
703,713,147,4/24/2015,user prep
704,714,153,4/24/2015,core
705,716,23,4/28/2015,core
706,717,29,5/5/2015,core
707,718,147,5/6/2015,core
708,719,4,5/7/2015,core
709,720,158,5/8/2015,user prep
710,721,159,5/11/2015,core
711,722,160,5/13/2015,NULL
712,723,91,5/13/2015,user prep
713,724,7,5/14/2015,user prep
714,725,83,5/14/2015,core
715,726,147,5/21/2015,core
716,727,15,5/22/2015,user prep
717,728,145,5/26/2015,core
718,729,122,5/29/2015,
719,730,147,6/2/2015,user prep
720,731,9,6/2/2015,user prep
721,732,9,6/2/2015,user prep
722,733,31,6/4/2015,core
723,734,6,6/8/2015,core
724,735,81,6/10/2015,core
725,736,10,6/12/2015,core
726,737,16,6/15/2015,user prep
727,738,16,6/15/2015,user prep
728,739,161,6/18/2015,user prep
729,740,4,6/19/2015,core
730,741,84,6/19/2015,core
731,742,145,6/19/2015,core
732,743,4,6/19/2015,core
733,744,4,6/19/2015,core
734,745,44,9/8/2016,core
735,746,102,6/22/2015,core
736,747,147,6/24/2015,user prep
737,748,66,7/1/2015,core
738,749,7,7/2/2015,user prep
739,750,84,7/2/2015,core
740,751,123,7/7/2015,
741,752,162,7/10/2015,core
742,753,66,7/13/2015,core
743,754,106,7/13/2015,
744,755,39,7/13/2015,core
745,756,84,7/13/2015,core
746,757,79,7/20/2015,core
747,758,163,7/22/2015,core
748,759,15,7/23/2015,user prep
749,760,147,7/27/2015,core
750,761,164,7/28/2015,core
751,762,122,7/28/2015,core
752,763,165,7/30/2015,
753,764,44,8/3/2015,core
754,765,91,8/3/2015,user prep
755,766,166,8/5/2015,core
756,767,147,8/6/2015,user prep
757,768,33,8/7/2015,core
758,769,16,8/7/2015,user prep
759,770,122,8/10/2015,core
760,771,16,8/10/2015,core
761,772,156,8/11/2015,core
762,773,110,8/13/2015,core
763,774,118,8/14/2015,core
764,775,147,8/14/2015,user prep
765,776,104,8/17/2015,core
766,777,4,8/19/2015,core
767,778,167,8/19/2015,core
768,779,91,8/19/2015,user prep
769,780,91,8/19/2015,user prep
770,781,168,8/19/2015,user prep
771,782,169,8/20/2015,core
772,783,9,8/28/2015,user prep
773,784,147,8/31/2015,NULL
774,785,170,9/3/2015,core
775,786,31,9/3/2015,core
776,787,171,9/9/2015,core
777,788,86,9/11/2015,core
778,789,147,9/16/2015,user prep
779,790,108,9/16/2015,core
780,791,147,9/18/2015,user prep
781,792,145,9/18/2015,core
782,793,104,9/18/2015,core
783,794,172,9/21/2015,user prep
784,795,91,9/24/2015,user prep
785,796,91,9/25/2015,user prep
786,797,203,9/28/2015,user prep
787,798,172,9/29/2015,user prep
788,799,172,9/29/2015,user prep
789,800,16,9/29/2015,user prep
790,801,147,9/30/2015,user prep
791,802,16,10/1/2015,core
792,803,16,10/2/2015,user prep
793,804,16,10/5/2015,user prep
794,805,151,10/6/2015,core
795,806,15,10/7/2015,core
796,807,172,10/9/2015,user prep
797,808,147,10/14/2015,user prep
798,809,151,10/15/2015,core
799,810,145,10/21/2015,core
800,811,122,10/23/2015,core
801,812,147,10/23/2015,user prep
802,813,106,10/23/2015,core
803,814,45,10/27/2015,user prep
804,815,98,10/28/2015,core
805,816,16,11/4/2015,user prep
806,817,4,11/4/2015,core
807,818,15,11/5/2015,user prep
808,819,16,11/5/2015,core
809,820,16,11/5/2015,user prep
810,821,16,11/5/2015,user prep
811,822,16,11/5/2015,user prep
812,823,16,11/5/2015,user prep
813,824,16,11/5/2015,user prep
814,825,147,11/6/2015,user prep
815,826,66,11/10/2015,core
816,827,174,11/13/2015,core
817,828,145,11/17/2015,core
818,829,7,11/20/2015,user prep
819,830,98,11/30/2015,core
820,831,147,12/1/2015,user prep
821,832,166,12/1/2015,core
822,833,16,12/2/2015,user prep
823,834,10,12/3/2015,core
824,835,15,12/3/2015,user prep
825,836,108,12/3/2015,core
826,837,16,12/4/2015,user prep
827,838,16,12/4/2015,user prep
828,840,16,12/4/2015,NULL
829,841,16,12/4/2015,NULL
830,842,10,12/7/2015,
831,843,104,12/8/2015,core
832,844,166,12/8/2015,core
833,845,16,12/8/2015,user prep
834,846,168,12/9/2015,core
835,847,10,12/9/2015,user prep
836,848,33,12/10/2015,core
837,849,33,12/10/2015,user prep
838,850,33,12/10/2015,user prep
839,851,147,12/10/2015,user prep
840,852,45,12/11/2015,user prep
841,853,16,12/11/2015,user prep
842,854,16,12/11/2015,user prep
843,855,16,12/11/2015,user prep
844,856,16,12/11/2015,user prep
845,857,168,12/11/2015,core
846,858,86,12/11/2015,core
847,859,86,12/11/2015,core
848,860,71,12/11/2015,core
849,862,10,12/11/2015,user prep
850,863,122,12/14/2015,core
851,864,147,12/14/2015,core
852,865,66,12/14/2015,core
853,866,98,12/15/2015,
854,867,10,12/15/2015,core
855,868,16,12/17/2015,NULL
856,869,16,12/17/2015,NULL
857,870,91,12/17/2015,user prep
858,871,16,12/17/2015,NULL
859,872,16,12/17/2015,NULL
860,873,168,12/18/2015,core
861,874,48,12/21/2015,user prep
862,875,169,12/21/2015,core
863,876,48,12/22/2015,user prep
864,877,98,1/6/2016,core
865,878,168,1/11/2016,core
866,879,44,1/13/2016,core
867,880,44,1/13/2016,core
868,881,172,1/13/2016,user prep
869,882,83,1/14/2016,core
870,883,172,1/26/2016,user prep
871,884,16,1/27/2016,user prep
872,885,91,2/2/2016,user prep
873,886,163,2/2/2016,core
874,887,175,2/2/2016,core
875,888,176,2/2/2016,user prep
876,889,122,2/2/2016,core
877,890,16,2/3/2016,user prep
878,891,177,2/4/2016,user prep
879,892,45,2/5/2016,user prep
880,893,147,2/5/2016,user prep
881,894,15,2/5/2016,
882,895,172,2/5/2016,user prep
883,896,45,2/8/2016,core
884,897,178,2/9/2016,user prep
885,898,174,2/12/2016,core
886,899,168,2/15/2016,core
887,900,179,2/18/2016,core
888,901,147,2/19/2016,user prep
889,902,180,2/22/2016,core
890,903,45,2/25/2016,user prep
891,904,15,2/29/2016,user prep
892,905,172,2/29/2016,user prep
893,906,172,2/29/2016,user prep
894,907,181,3/2/2016,core
895,908,182,3/2/2016,core
896,909,183,3/2/2016,user prep
897,910,184,3/4/2016,core
898,911,108,3/4/2016,core
899,912,147,3/4/2016,user prep
900,913,185,3/7/2016,core
901,914,178,3/8/2016,user prep
902,915,16,3/8/2016,user prep
903,917,174,3/9/2016,core
904,918,33,3/11/2016,user prep
905,919,50,3/11/2016,core
906,920,176,3/16/2016,user prep
907,921,118,3/17/2016,core
908,922,86,3/22/2016,core
909,923,66,3/23/2016,core
910,924,98,3/23/2016,core
911,925,15,3/29/2016,user prep
912,926,4,3/29/2016,core
913,927,168,3/31/2016,core
914,928,186,3/31/2016,core
915,929,15,4/5/2016,
916,930,162,4/6/2016,core
917,931,169,4/7/2016,core
918,932,30,4/7/2016,core
919,933,187,4/8/2016,
920,934,122,4/11/2016,core
921,935,45,4/11/2016,core
922,936,147,4/11/2016,user prep
923,937,175,4/12/2016,core
924,938,181,4/12/2016,core
925,939,147,4/12/2016,user prep
926,940,168,4/13/2016,core
927,941,174,4/14/2016,core
928,942,147,4/14/2016,core
929,943,147,4/14/2016,user prep
930,944,147,4/14/2016,user prep
931,945,15,4/14/2016,user prep
932,946,15,4/18/2016,NULL
933,947,188,4/21/2016,user prep
934,948,66,4/21/2016,core
935,949,186,4/21/2016,core
936,950,15,4/26/2016,user prep
937,951,132,4/29/2016,user prep
938,952,175,4/29/2016,core
939,953,181,4/29/2016,core
940,954,189,5/3/2016,core
941,955,45,5/4/2016,user prep
942,956,190,5/4/2016,user prep
943,957,41,5/5/2016,core
944,958,163,5/9/2016,core
945,959,166,5/12/2016,core
946,960,191,5/12/2016,core
947,961,172,5/13/2016,user prep
948,962,5,5/13/2016,core
949,963,192,5/16/2016,core
950,964,147,5/16/2016,user prep
951,965,168,5/16/2016,core
952,966,98,5/19/2016,core
953,967,193,5/20/2016,user prep
954,968,174,5/23/2016,core
955,969,194,5/25/2016,core
956,970,45,5/25/2016,user prep
957,971,119,5/26/2016,core
958,972,16,5/26/2016,
959,973,23,5/26/2016,core
960,974,196,5/27/2016,
961,975,180,5/27/2016,core
962,976,45,5/31/2016,user prep
963,977,168,6/7/2016,core
964,978,122,6/7/2016,core
965,979,39,6/7/2016,core
966,980,174,6/8/2016,core
967,981,45,6/8/2016,user prep
968,982,139,6/9/2016,core
969,983,197,6/9/2016,core
970,984,186,6/13/2016,core
971,985,176,6/14/2016,user prep
972,986,198,6/16/2016,core
973,987,199,6/16/2016,core
974,988,183,6/20/2016,user prep
975,989,4,6/20/2016,core
976,990,76,6/20/2016,
977,991,178,6/21/2016,user prep
978,992,168,6/22/2016,user prep
979,993,184,6/22/2016,core
980,994,200,6/27/2016,core
981,995,10,6/28/2016,core
982,996,4,6/29/2016,core
983,997,66,7/5/2016,core
984,998,91,7/6/2016,user prep
985,999,132,7/6/2016,user prep
986,1000,176,7/12/2016,user prep
987,1001,199,7/13/2016,core
988,1002,179,7/15/2016,core
989,1003,45,7/18/2016,user prep
990,1004,122,7/19/2016,core
991,1005,66,7/20/2016,core
992,1006,4,7/22/2016,
993,1007,198,7/25/2016,core
994,1008,42,7/25/2016,core
995,1009,201,7/27/2016,core
996,1010,7,7/28/2016,user prep
997,1011,202,7/29/2016,core
998,1012,162,8/2/2016,core
999,1013,4,8/2/2016,user prep
1000,1014,45,8/2/2016,user prep
1001,1015,147,8/3/2016,user prep
1002,1016,190,8/4/2016,core
1003,1017,122,8/10/2016,core
1004,1018,118,8/10/2016,core
1005,1019,113,8/15/2016,core
1006,1020,91,8/16/2016,user prep
1007,1021,91,8/16/2016,user prep
1008,1022,163,8/16/2016,core
1009,1023,77,8/17/2016,core
1010,1024,45,8/17/2016,core
1011,1025,204,8/25/2016,user prep
1012,1026,10,8/29/2016,core
1013,1027,45,9/2/2016,user prep
1014,1028,166,9/6/2016,core
1015,1029,122,9/7/2016,core
1016,1030,205,9/7/2016,user prep
1017,1031,147,9/9/2016,user prep
1018,1032,66,9/9/2016,core
1019,1033,206,9/12/2016,user prep
1020,1034,183,9/13/2016,user prep
1021,1035,183,9/15/2016,user prep
1022,1036,206,9/15/2016,user prep
1023,1037,177,9/15/2016,user prep
1024,1038,207,9/15/2016,core
1025,1039,122,9/19/2016,core
1026,1040,33,9/20/2016,core
1027,1041,91,9/21/2016,user prep
1028,1042,4,9/23/2016,core
1029,1043,45,9/30/2016,core
1030,1044,10,9/30/2016,core
1031,1045,45,10/4/2016,core
1032,1046,118,10/6/2016,core
1033,1047,199,10/6/2016,core
1034,1048,151,10/7/2016,core
1035,1049,4,10/12/2016,core
1036,1050,190,10/13/2016,core
1037,1051,45,10/13/2016,user prep
1038,1052,178,10/13/2016,user prep
1039,1053,163,10/21/2016,core
1040,1054,4,10/24/2016,core
1041,1055,206,10/27/2016,core
1042,1056,151,11/1/2016,core
1043,1057,183,11/1/2016,user prep
1044,1058,122,11/2/2016,core
1045,1059,176,11/2/2016,user prep
1046,1060,122,11/3/2016,core
1047,1061,30,11/3/2016,core
1048,1062,172,11/8/2016,user prep
1049,1063,4,11/9/2016,core
1050,1064,45,11/11/2016,core
1051,1065,45,11/11/2016,
1052,1066,4,11/15/2016,core
1053,1067,91,11/29/2016,user prep
1054,1068,176,11/29/2016,user prep
1055,1069,178,11/30/2016,user prep
1056,1070,190,11/30/2016,user prep
1057,1071,45,12/1/2016,core
1058,1072,45,12/2/2016,core
1059,1073,132,12/9/2016,user prep
1060,1074,168,12/9/2016,core
1061,1075,190,12/9/2016,user prep
1062,1076,209,12/12/2016,user prep
1063,1077,207,12/12/2016,core
1064,1078,168,12/12/2016,core
1065,1079,4,12/13/2016,core
1066,1080,4,12/14/2016,core
1067,1081,210,12/15/2016,core
1068,1082,178,12/20/2016,
1069,1083,207,12/20/2016,user prep
1070,1084,48,12/21/2016,core
1071,1085,7,1/5/2017,user prep
1072,1086,211,1/9/2017,core
1073,1087,7,1/10/2017,user prep
1074,1088,212,1/10/2017,core
1075,1089,45,1/11/2017,NULL
1076,1090,66,1/11/2017,NULL
1077,1091,229,1/12/2017,user prep
1078,1092,190,1/17/2017,core
1079,1093,4,1/17/2017,core
1080,1094,44,1/17/2017,
1081,1095,91,1/25/2017,user prep
1082,1096,30,1/26/2017,core
1083,1097,122,1/31/2017,core
1084,1098,48,2/3/2017,user prep
1085,1099,214,2/8/2017,core
1086,1100,175,2/8/2017,core
1087,1101,176,2/9/2017,user prep
1088,1102,177,2/9/2017,user prep
1089,1103,7,2/14/2017,user prep
1090,1104,90,2/14/2017,core
1091,1105,122,2/14/2017,core
1092,1106,17,2/15/2017,core
1093,1107,4,2/15/2017,core
1094,1108,15,2/15/2017,user prep
1095,1109,113,2/21/2017,core
1096,1110,15,2/21/2017,user prep
1097,1111,207,2/21/2017,user prep
1098,1112,45,2/21/2017,
1099,1113,215,2/24/2017,core
1100,1114,163,2/27/2017,core
1101,1115,45,2/27/2017,user prep
1102,1116,216,3/2/2017,core
1103,1117,7,3/2/2017,user prep
1104,1118,210,3/2/2017,core
1105,1119,214,3/7/2017,core
1106,1120,122,3/15/2017,core
1107,1121,91,3/17/2017,user prep
1108,1122,191,3/17/2017,user prep
1109,1123,190,3/20/2017,core
1110,1124,168,3/21/2017,core
1111,1125,118,3/21/2017,core
1112,1126,4,3/21/2017,core
1113,1127,51,3/22/2017,core
1114,1128,4,3/23/2017,core
1115,1129,79,3/23/2017,core
1116,1130,7,3/23/2017,
1117,1131,229,3/31/2017,NULL
1118,1132,51,4/6/2017,core
1119,1133,4,4/6/2017,core
1120,1134,45,4/7/2017,user prep
1121,1135,44,4/7/2017,core
1122,1136,23,4/11/2017,core
1123,1137,73,4/17/2017,core
1124,1138,217,4/17/2017,core
1125,1139,108,4/18/2017,core
1126,1140,218,4/18/2017,core
1127,1141,45,4/20/2017,user prep
1128,1142,219,4/20/2017,user prep
1129,1143,216,4/20/2017,core
1130,1144,172,4/20/2017,core
1131,1145,7,4/21/2017,user prep
1132,1146,207,4/25/2017,core
1133,1147,190,4/25/2017,core
1134,1148,17,4/25/2017,core
1135,1149,151,4/26/2017,core
1136,1150,200,4/26/2017,core
1137,1151,147,4/28/2017,user prep
1138,1152,220,5/2/2017,core
1139,1153,221,5/2/2017,core
1140,1154,4,5/3/2017,user prep
1141,1155,191,5/4/2017,core
1142,1156,122,5/5/2017,core
1143,1157,229,5/5/2017,user prep
1144,1158,15,5/5/2017,user prep
1145,1159,45,5/8/2017,core
1146,1160,83,5/11/2017,NULL
1147,1161,202,5/11/2017,core
1148,1162,222,5/11/2017,core
1149,1163,119,5/12/2017,core
1150,1164,102,5/12/2017,core
1151,1165,194,5/16/2017,core
1152,1166,211,5/16/2017,core
1153,1167,223,5/18/2017,core
1154,1168,190,5/24/2017,core
1155,1169,216,5/24/2017,core
1156,1170,224,5/25/2017,user prep
1157,1171,122,6/1/2017,core
1158,1172,122,6/1/2017,core
1159,1173,66,6/2/2017,core
1160,1174,229,6/5/2017,NULL
1161,1175,45,6/6/2017,user prep
1162,1176,45,6/6/2017,user prep
1163,1177,15,6/6/2017,user prep
1164,1178,122,6/7/2017,core
1165,1179,217,6/7/2017,core
1166,1180,190,6/7/2017,core
1167,1181,4,6/12/2017,core
1168,1182,176,6/13/2017,user prep
1169,1183,226,6/13/2017,core
1170,1184,15,6/13/2017,
1171,1185,190,6/14/2017,user prep
1172,1186,66,6/15/2017,core
1173,1187,86,6/16/2017,
1174,1188,4,6/20/2017,core
1175,1189,229,6/20/2017,
1176,1190,4,6/22/2017,user prep
1177,1191,113,6/23/2017,core
1178,1192,66,6/23/2017,core
1179,1193,178,6/23/2017,user prep
1180,1194,226,6/26/2017,core
1181,1195,15,6/26/2017,user prep
1182,1196,190,6/27/2017,core
1183,1197,190,7/10/2017,
1184,1198,45,7/10/2017,
1185,1199,202,7/10/2017,core
1186,1200,229,7/11/2017,user prep
1187,1201,191,7/12/2017,core
1188,1202,30,7/13/2017,core
1189,1203,223,7/17/2017,core
1190,1204,190,7/19/2017,core
1191,1205,215,7/21/2017,core
1192,1206,15,7/21/2017,user prep
1193,1207,66,7/21/2017,core
1194,1208,216,7/26/2017,core
1195,1209,15,7/26/2017,
1196,1210,91,8/1/2017,
1197,1211,113,8/1/2017,core
1198,1212,5,8/1/2017,core
1199,1213,66,8/1/2017,core
1200,1214,33,8/1/2017,user prep
1201,1215,7,8/1/2017,NULL
1202,1216,118,8/2/2017,core
1203,1217,91,8/2/2017,core
1204,1218,48,8/4/2017,user prep
1205,1219,33,8/7/2017,user prep
1206,1220,229,8/8/2017,
1207,1221,10,8/10/2017,core
1208,1222,33,8/13/2017,user prep
1209,1223,223,8/13/2017,
1210,1224,172,8/14/2017,
1211,1225,190,8/15/2017,core
1212,1226,15,8/16/2017,
1213,1227,91,8/16/2017,
1214,1228,190,8/17/2017,core
1215,1229,4,8/17/2017,core
1216,1230,4,8/18/2017,user prep
1217,1231,151,8/21/2017,core
1218,1232,50,8/21/2017,core
1219,1233,4,8/22/2017,core
1220,1234,68,8/23/2017,core
1221,1235,83,8/23/2017,NULL
1222,1236,15,8/24/2017,
1223,1237,17,8/25/2017,core
1224,1238,227,8/28/2017,user prep
1225,1239,225,8/30/2017,core
1226,1240,122,8/30/2017,core
1227,1241,4,8/30/2017,core
1228,1242,45,8/31/2017,user prep
1229,1243,228,8/31/2017,core
1230,1244,275,9/5/2017,core
1231,1246,45,9/5/2017,user prep
1232,1247,163,9/5/2017,core
1233,1249,176,9/11/2017,user prep
1234,1250,172,9/12/2017,core
1235,1251,230,9/14/2017,core
1236,1252,228,9/15/2017,core
1237,1253,122,9/15/2017,core
1238,1254,200,9/18/2017,core
1239,1255,228,9/18/2017,core
1240,1256,45,9/19/2017,user prep
1241,1257,119,9/20/2017,core
1242,1258,151,9/20/2017,core
1243,1259,4,9/21/2017,user prep
1244,1260,15,9/22/2017,user prep
1245,1261,156,9/22/2017,user prep
1246,1262,231,9/25/2017,core
1247,1263,16,9/27/2017,user prep
1248,1264,4,9/28/2017,core
1249,1265,50,9/28/2017,core
1250,1266,223,9/29/2017,core
1251,1267,87,9/29/2017,core
1252,1268,91,10/3/2017,core
1253,1269,83,10/3/2017,core
1254,1270,4,10/4/2017,
1255,1271,7,10/5/2017,user prep
1256,1272,190,10/6/2017,user prep
1257,1273,122,10/9/2017,core
1258,1274,227,10/11/2017,user prep
1259,1275,122,10/16/2017,core
1260,1276,178,10/16/2017,user prep
1261,1277,15,10/17/2017,user prep
1262,1279,118,10/20/2017,core
1263,1280,15,10/25/2017,core
1264,1282,91,10/26/2017,core
1265,1284,230,10/27/2017,core
1266,1285,233,10/27/2017,core
1267,1286,15,10/27/2017,user prep
1268,1287,86,10/30/2017,core
1269,1288,176,11/1/2017,user prep
1270,1289,190,11/1/2017,core
1271,1290,202,11/1/2017,core
1272,1291,118,11/2/2017,core
1273,1292,122,11/3/2017,core
1274,1293,178,11/3/2017,user prep
1275,1294,230,11/6/2017,core
1276,1295,15,11/7/2017,user prep
1277,1296,122,11/7/2017,core
1278,1297,188,11/9/2017,user prep
1279,1298,4,11/9/2017,core
1280,1300,190,11/10/2017,user prep
1281,1301,30,11/14/2017,core
1282,1302,91,11/15/2017,core
1283,1303,191,11/21/2017,NULL
1284,1304,113,11/28/2017,core
1285,1305,176,12/5/2017,user prep
1286,1306,190,12/7/2017,user prep
1287,1307,50,12/7/2017,core
1288,1308,163,12/7/2017,core
1289,1309,178,12/7/2017,user prep
1290,1310,176,12/7/2017,user prep
1291,1311,45,12/7/2017,user prep
1292,1312,224,12/7/2017,user prep
1293,1313,122,12/11/2017,core
1294,1314,113,12/11/2017,core
1295,1315,217,12/12/2017,core
1296,1316,4,12/12/2017,core
1297,1317,91,12/12/2017,core
1298,1318,7,12/13/2017,user prep
1299,1319,194,12/20/2017,core
1300,1320,168,12/21/2017,core
1301,1321,15,12/21/2017,
1302,1322,234,12/26/2017,core
1303,1323,31,1/3/2018,
1304,1324,235,1/8/2018,core
1305,1325,118,1/8/2018,core
1306,1326,68,1/10/2018,core
1307,1327,230,1/11/2018,core
1308,1328,194,1/11/2018,core
1309,1329,202,1/11/2018,core
1310,1330,91,1/12/2018,core
1311,1331,91,1/15/2018,core
1312,1332,73,1/16/2018,core
1313,1333,122,1/17/2018,core
1314,1334,73,1/19/2018,core
1315,1335,15,1/25/2018,
1316,1336,15,1/25/2018,
1317,1337,236,1/25/2018,core
1318,1338,237,1/26/2018,core
1319,1339,17,1/29/2018,core
1320,1340,4,1/30/2018,core
1321,1341,36,1/30/2018,user prep
1322,1342,15,2/2/2018,user prep
1323,1343,15,2/2/2018,user prep
1324,1344,166,2/2/2018,user prep
1325,1345,237,2/6/2018,core
1326,1346,191,2/8/2018,core
1327,1347,122,2/12/2018,core
1328,1348,229,2/13/2018,user prep
1329,1349,238,2/14/2018,core
1330,1350,66,2/15/2018,core
1331,1351,178,2/15/2018,user prep
1332,1352,239,2/20/2018,core
1333,1353,33,2/20/2018,user prep
1334,1354,33,2/20/2018,core
1335,1355,122,2/22/2018,core
1336,1356,176,2/23/2018,user prep
1337,1357,237,2/26/2018,core
1338,1358,172,2/27/2018,core
1339,1359,228,3/2/2018,core
1340,1360,172,3/5/2018,core
1341,1362,229,3/7/2018,user prep
1342,1363,68,3/8/2018,core
1343,1364,122,3/8/2018,core
1344,1365,86,3/8/2018,core
1345,1366,234,3/9/2018,core
1346,1367,76,3/12/2018,core
1347,1368,15,3/12/2018,user prep
1348,1369,190,3/12/2018,core
1349,1370,73,3/12/2018,core
1350,1371,33,3/13/2018,user prep
1351,1372,15,3/14/2018,user prep
1352,1373,237,3/16/2018,core
1353,1374,73,3/19/2018,core
1354,1375,166,3/19/2018,user prep
1355,1376,214,3/22/2018,core
1356,1377,4,3/22/2018,user prep
1357,1378,7,3/22/2018,user prep
1358,1379,234,3/23/2018,core
1359,1380,15,3/23/2018,user prep
1360,1381,178,3/23/2018,user prep
1361,1383,219,3/28/2018,user prep
1362,1384,15,3/30/2018,
1363,1385,17,4/2/2018,core
1364,1386,233,4/2/2018,core
1365,1387,228,4/2/2018,
1366,1388,15,4/4/2018,user prep
1367,1389,68,4/5/2018,core
1368,1390,219,4/5/2018,user prep
1369,1391,15,4/6/2018,user prep
1370,1392,223,4/9/2018,core
1371,1393,7,4/10/2018,user prep
1372,1394,240,4/13/2018,user prep
1373,1395,228,4/16/2018,
1374,1396,240,4/17/2018,user prep
1375,1397,190,4/17/2018,NULL
1376,1398,166,4/18/2018,user prep
1377,1399,80,4/19/2018,core
1378,1400,15,4/19/2018,user prep
1379,1403,172,4/24/2018,user prep
1380,1404,15,4/25/2018,user prep
1381,1405,241,4/25/2018,user prep
1382,1406,229,4/26/2018,user prep
1383,1407,23,4/26/2018,core
1384,1408,163,4/27/2018,core
1385,1409,36,4/27/2018,core
1386,1410,219,5/1/2018,user prep
1387,1411,242,5/1/2018,NULL
1388,1412,10,4/17/2018,core
1389,1413,30,5/1/2018,core
1390,1414,17,5/2/2018,core
1391,1415,215,5/2/2018,core
1392,1416,215,5/2/2018,core
1393,1417,219,5/3/2018,user prep
1394,1418,236,5/4/2018,core
1395,1419,219,5/4/2018,user prep
1396,1420,163,5/8/2018,core
1397,1421,163,5/8/2018,core
1398,1422,219,5/9/2018,user prep
1399,1423,30,5/10/2018,core
1400,1424,244,5/11/2018,core
1401,1425,237,5/14/2018,core
1402,1426,239,5/14/2018,core
1403,1428,190,5/16/2018,core
1404,1430,118,5/18/2018,core
1405,1431,15,5/18/2018,
1406,1432,199,5/21/2018,core
1407,1433,226,5/22/2018,core
1408,1434,86,5/22/2018,core
1409,1435,229,5/24/2018,user prep
1410,1436,163,5/24/2018,core
1411,1437,240,5/25/2018,user prep
1412,1438,228,5/29/2018,core
1413,1439,7,5/29/2018,user prep
1414,1440,4,5/29/2018,core
1415,1441,245,5/8/2018,NULL
1416,1442,245,5/17/2018,NULL
1417,1443,228,5/30/2018,core
1418,1444,228,5/31/2018,core
1419,1445,4,5/31/2018,core
1420,1446,91,5/31/2018,core
1421,1447,228,6/1/2018,core
1422,1448,4,6/1/2018,core
1423,1449,246,6/1/2018,core
1424,1450,91,6/5/2018,core
1425,1451,229,6/1/2018,user prep
1426,1452,228,6/6/2018,core
1427,1453,247,6/6/2018,core
1428,1454,228,6/7/2018,core
1429,1455,176,6/7/2018,core
1430,1456,10,6/7/2018,core
1431,1457,228,6/8/2018,core
1432,1458,228,6/11/2018,core
1433,1459,245,6/11/2018,core
1434,1460,228,6/12/2018,core
1435,1461,228,6/12/2018,core
1436,1462,229,6/11/2018,user prep
1437,1463,275,6/13/2018,core
1438,1464,234,6/13/2018,core
1439,1465,228,6/14/2018,core
1440,1466,228,6/14/2018,core
1441,1467,237,6/14/2018,core
1442,1468,228,6/18/2018,core
1443,1469,91,6/18/2018,core
1444,1470,228,6/19/2018,core
1445,1471,228,6/19/2018,core
1446,1472,223,6/20/2018,core
1447,1473,245,6/20/2018,core
1448,1474,228,6/22/2018,core
1449,1475,228,6/22/2018,core
1450,1476,228,6/25/2018,core
1451,1477,228,6/25/2018,core
1452,1478,228,6/26/2018,core
1453,1481,245,6/28/2018,core
1454,1482,118,6/27/2018,core
1455,1483,5,6/27/2018,core
1456,1484,5,6/27/2018,core
1457,1485,225,6/27/2018,core
1458,1486,194,6/28/2018,core
1459,1487,73,6/28/2018,core
1460,1490,230,6/29/2018,core
1461,1491,245,7/2/2018,core
1462,1492,248,7/6/2018,core
1463,1493,245,7/6/2018,NULL
1464,1494,223,7/9/2018,core
1465,1495,245,7/9/2018,core
1466,1497,244,7/10/2018,core
1467,1498,166,7/10/2018,core
1468,1499,245,7/10/2018,NULL
1469,1502,51,7/12/2018,core
1470,1503,245,7/12/2018,core
1471,1504,66,7/13/2018,core
1472,1505,249,7/16/2018,core
1473,1506,245,7/18/2018,core
1474,1507,245,7/19/2018,core
1475,1508,250,7/24/2018,core
1476,1509,123,7/24/2018,core
1477,1510,245,7/25/2018,core
1478,1511,132,7/25/2018,core
1479,1512,244,7/26/2018,core
1480,1515,245,7/27/2018,core
1481,1516,31,7/30/2018,core
1482,1517,271,7/31/2018,core
1483,1518,219,8/1/2018,core
1484,1519,223,8/3/2018,core
1485,1520,48,8/3/2018,core
1486,1521,178,8/3/2018,core
1487,1523,17,8/6/2018,core
1488,1524,245,8/6/2018,core
1489,1525,229,8/7/2018,core
1490,1526,17,8/8/2018,core
1491,1527,245,8/8/2018,core
1492,1528,122,8/9/2018,core
1493,1530,245,8/9/2018,core
1494,1531,194,8/10/2018,
1495,1533,7,8/10/2018,core
1496,1534,236,8/13/2018,core
1497,1535,229,8/15/2018,core
1498,1536,271,8/15/2018,core
1499,1537,118,8/17/2018,core
1500,1538,172,8/17/2018,core
1501,1539,275,8/17/2018,core
1502,1540,274,8/17/2018,core
1503,1541,272,8/20/2018,core
1504,1542,132,8/21/2018,core
1505,1543,273,8/22/2018,core
1506,1544,245,8/27/2018,core
1507,1545,275,8/27/2018,core
1508,1546,245,8/28/2018,core
1509,1547,118,8/29/2018,core
1510,1548,245,8/29/2018,core
1511,1549,245,8/30/2018,core
1512,1550,276,8/31/2018,core
1513,1551,276,8/31/2018,core
1514,1552,237,8/31/2018,core
1515,1553,178,8/31/2018,core
1516,1554,245,8/31/2018,core
1517,1561,245,9/4/2018,core
1518,1563,245,9/6/2018,core
1519,1564,36,9/7/2018,core
1520,1567,199,9/10/2018,core
1521,1568,163,9/10/2018,core
1522,1569,118,9/10/2018,core
1523,1570,91,9/10/2018,core
1524,1571,31,9/10/2018,core
1525,1574,245,9/10/2018,core
1526,1575,220,9/11/2018,core
1527,1576,188,9/12/2018,core
1528,1577,245,9/12/2018,core
1529,1578,265,9/3/2018,
1530,1580,278,7/12/2018,
1531,1581,253,7/23/2018,
1532,1582,279,7/5/2018,
1533,1583,265,6/21/2018,
1534,1584,265,5/17/2018,
1535,1585,252,6/4/2018,
1536,1586,255,2/22/2018,
1537,1587,245,9/13/2018,core
1538,1588,252,6/4/2018,
1539,1589,265,5/16/2018,
1540,1590,193,4/30/2018,
1541,1591,251,8/14/2018,
1542,1592,251,8/3/2018,
1543,1593,251,7/11/2018,
1544,1594,251,6/17/2018,
1545,1595,261,7/20/2018,
1546,1597,249,9/14/2018,core
1547,1598,212,7/30/2018,
1548,1599,280,8/15/2018,
1549,1601,96,9/6/2018,
1550,1603,245,9/17/2018,core
1551,1604,276,9/18/2018,core
1552,1606,275,9/18/2018,core
1553,1607,248,9/19/2018,core
1554,1608,245,9/19/2018,core
1555,1609,229,9/14/2018,core
1556,1610,245,9/20/2018,core
1557,1611,282,9/21/2018,core
1558,1621,245,9/21/2018,core
1559,1622,283,9/25/2018,core
1560,1623,245,9/26/2018,core
1561,1625,245,9/28/2018,core
1562,1626,66,9/28/2018,core
1563,1629,245,10/1/2018,core
1564,1630,50,10/2/2018,core
1565,1631,276,10/4/2018,core
1566,1632,7,9/19/2018,core
1567,1633,245,10/8/2018,core
1568,1634,163,10/9/2018,core
1569,1635,176,10/9/2018,user prep
1570,1636,245,10/9/2018,core
1571,1637,132,10/10/2999,
1572,1640,245,10/11/2018,core
1573,1642,235,12/31/2999,core
1574,1645,245,10/15/2018,core
1575,1646,236,10/16/2018,core
1576,1647,284,10/16/2018,user prep
1577,1648,236,10/16/2018,core
1578,1649,236,10/16/2018,core
1579,1650,285,10/16/2018,core
1580,1653,33,10/16/2018,core
1581,1654,4,10/16/2018,core
1582,1655,245,10/16/2018,core
1583,1656,273,10/17/2018,core
1584,1657,286,10/17/2018,core
1585,1658,91,10/17/2018,core
1586,1659,132,7/25/2018,
1587,1660,245,10/22/2018,core
1588,1662,66,10/23/2018,core
1589,1663,68,10/23/2018,core
1590,1664,66,10/23/2018,core
1591,1665,245,10/24/2018,core
1592,1666,271,10/25/2018,core
1593,1668,245,10/30/2018,
1594,1671,275,11/1/2018,core
1595,1672,287,11/1/2018,core
1596,1674,245,11/2/2018,
1597,1675,282,11/5/2018,core
1598,1676,245,11/5/2018,
1599,1677,245,11/6/2018,
1600,1678,275,11/7/2018,core
1601,1679,80,11/7/2018,core
1602,1680,245,11/7/2018,
1603,1681,237,11/8/2018,core
1604,1682,289,11/9/2018,core
1605,1683,15,11/9/2018,core
1606,1684,17,11/12/2018,core
1607,1685,245,11/12/2018,
1608,1686,276,11/12/2018,NULL
1609,1687,248,11/13/2018,core
1610,1688,245,11/13/2018,
1611,1689,73,11/14/2018,core
1612,1690,51,11/14/2018,core
1613,1691,245,11/14/2018,
1614,1692,290,11/15/2018,core
1615,1693,245,11/15/2018,
1616,1695,291,11/16/2018,core
1617,1696,86,11/19/2018,core
1618,1697,292,11/20/2018,core
1619,1698,245,11/20/2018,NULL
1620,1699,30,11/26/2018,core
1621,1700,245,11/26/2018,
1622,1701,249,11/27/2018,core
1623,1702,219,11/28/2018,core
1624,1703,31,12/4/2018,core
1625,1704,214,12/4/2018,core
1626,1705,245,12/4/2018,
1627,1706,275,12/5/2018,core
1628,1707,245,12/5/2018,
1629,1708,293,12/6/2018,core
1630,1709,248,12/6/2018,core
1631,1710,245,12/6/2018,
1632,1711,15,12/6/2018,core
1633,1712,271,12/7/2018,core
1634,1713,113,12/7/2018,core
1635,1714,66,12/11/2018,core
1636,1715,80,12/11/2018,core
1637,1716,282,12/12/2018,core
1638,1717,294,12/12/2018,core
1639,1718,86,12/12/2018,core
1640,1719,122,12/13/2018,core
1641,1720,275,12/13/2018,core
1642,1721,237,12/14/2018,
1643,1722,240,12/14/2018,
1644,1723,249,12/17/2018,
1645,1724,287,12/17/2018,core
1646,1725,295,12/18/2018,core
1647,1726,248,12/19/2018,user prep
1648,1727,276,12/19/2018,core
1649,1728,66,12/19/2018,core
1650,1729,273,12/27/2018,core
1651,1731,245,12/27/2018,
1652,1732,271,12/28/2018,core
1653,1733,245,12/28/2018,
1654,1734,80,1/2/2019,
1655,1735,73,1/7/2019,
1656,1736,48,1/9/2019,core
1657,1737,30,1/21/2019,core
1658,1738,282,1/21/2019,core
1659,1739,118,1/23/2019,core
1660,1740,289,1/23/2019,core
1661,1741,296,1/24/2019,core
1662,1742,66,1/24/2019,
1663,1743,214,1/24/2019,
1664,1744,228,1/25/2019,
1665,1745,282,1/28/2019,
1666,1746,245,1/28/2019,
1667,1747,225,1/29/2019,core
1668,1748,248,1/31/2019,
1669,1749,272,2/4/2019,
1670,1751,245,2/5/2019,
1671,1752,297,2/6/2019,core
1672,1753,269,2/6/2019,
1673,1754,122,2/6/2019,core
1674,1755,207,2/7/2019,
1675,1756,273,2/8/2019,
1676,1757,298,2/8/2019,
1677,1758,282,2/11/2019,
1678,1759,245,2/11/2019,
1679,1760,248,2/11/2019,
1680,1761,48,2/13/2019,core
1681,1762,234,2/14/2019,
1682,1763,248,2/14/2019,
1683,1764,245,2/14/2019,
1684,1765,295,2/15/2019,core
1685,1766,122,2/15/2019,core
1686,1767,235,2/15/2019,
1687,1768,235,2/15/2019,NULL
1688,1769,214,2/19/2019,core
1689,1771,245,2/19/2019,
1690,1773,272,2/20/2019,
1691,1774,245,2/21/2019,
1692,1775,299,2/25/2019,
1693,1776,286,2/26/2019,core
1694,1777,245,2/26/2019,
1695,1778,245,2/27/2019,
1696,1779,166,2/28/2019,
1697,1780,245,2/28/2019,
1698,1781,272,3/1/2019,user prep
1699,1782,249,3/4/2019,
1700,1783,272,3/4/2019,user prep
1701,1784,282,3/6/2019,
1702,1785,36,3/6/2019,
1703,1786,245,3/7/2019,
1704,1787,265,3/8/2019,
1705,1788,163,3/8/2019,
1706,1789,245,3/11/2019,
1707,1790,248,3/12/2019,
1708,1791,245,3/12/2019,
1709,1792,300,3/13/2019,
1710,1794,48,3/13/2019,core
1711,1796,302,3/14/2019,
1712,1797,287,3/15/2019,
1713,1799,7,3/15/2019,
1714,1800,301,3/15/2019,
1715,1801,282,3/15/2019,
1716,1802,245,3/18/2019,
1717,1803,239,3/18/2019,
1718,1804,245,3/19/2019,
1719,1805,253,3/20/2019,
1720,1806,272,3/20/2019,NULL
1721,1807,245,3/20/2019,
1722,1808,245,3/21/2019,
1723,1809,300,3/22/2019,NULL
1724,1810,290,3/22/2019,
1725,1811,68,3/22/2019,core
1726,1812,294,3/25/2019,
1727,1813,214,3/25/2019,
1728,1814,23,3/25/2019,core
1729,1815,248,3/27/2019,
1730,1816,287,3/27/2019,
1731,1817,163,3/27/2019,
1732,1819,245,3/28/2019,
1733,1820,276,3/29/2019,NULL
1734,1821,287,3/29/2019,
1735,1822,118,4/1/2019,core
1736,1823,73,4/1/2019,
1737,1824,68,4/2/2019,core
1738,1825,68,4/2/2019,core
1739,1826,245,4/2/2019,
1740,1827,66,4/3/2019,
1741,1828,303,4/4/2019,
1742,1829,7,4/8/2019,
1743,1830,7,3/15/2019,
1744,1831,245,4/9/2019,
1745,1832,245,4/10/2019,
1746,1833,245,4/11/2019,
1747,1834,73,4/12/2019,
1748,1835,303,4/15/2019,
1749,1836,245,4/15/2019,
1750,1837,248,4/16/2019,
1751,1838,304,4/16/2019,
1752,1839,248,4/16/2019,
1753,1840,245,4/16/2019,
1754,1841,79,4/18/2019,core
1755,1842,118,4/18/2019,
1756,1843,295,4/18/2019,user prep
1757,1844,245,4/18/2019,
1758,1845,305,4/19/2019,NULL
1759,1846,245,4/23/2019,
1760,1847,245,4/23/2019,
1761,1848,166,4/23/2019,
1762,1850,299,4/24/2019,
1763,1851,248,4/25/2019,
1764,1852,51,4/26/2019,core
1765,1853,300,4/26/2019,
1766,1854,300,4/26/2019,
1767,1855,176,4/26/2019,user prep
1768,1856,168,4/26/2019,core
1769,1857,245,4/26/2019,
1770,1858,245,4/29/2019,
1771,1859,287,4/30/2019,
1772,1861,30,4/30/2019,
1773,1862,245,4/30/2019,
1774,1863,68,5/1/2019,
1775,1864,272,5/1/2019,
1776,1865,245,5/2/2019,
1777,1866,7,4/8/2019,
1778,1867,73,5/3/2019,core
1779,1868,248,5/6/2019,
1780,1869,168,5/6/2019,core
1781,1870,245,5/6/2019,
1782,1871,299,5/7/2019,
1783,1872,163,5/8/2019,
1784,1873,287,5/8/2019,
1785,1874,192,5/9/2019,
1786,1875,245,5/13/2019,
1787,1876,31,5/14/2019,
1788,1877,245,5/14/2019,
1789,1878,194,5/15/2019,core
1790,1879,306,5/15/2019,
1791,1880,219,5/15/2019,
1792,1881,68,5/16/2019,
1793,1882,245,5/16/2019,
1794,1883,132,5/17/2019,user prep
1795,1884,77,5/17/2019,user prep
1796,1885,227,5/17/2019,
1797,1886,245,5/17/2019,
1798,1887,245,5/20/2019,
1799,1888,234,5/21/2019,core
1800,1889,302,5/22/2019,NULL
1801,1891,245,5/22/2019,
1802,1892,245,5/23/2019,
1803,1893,73,5/24/2019,
1804,1894,287,5/28/2019,NULL
1805,1895,248,5/30/2019,
1806,1897,163,5/31/2019,
1807,1898,299,6/3/2019,
1808,1899,17,6/3/2019,core
1809,1900,303,6/4/2019,
1810,1901,248,6/4/2019,
1811,1902,248,6/5/2019,
1812,1903,166,6/6/2019,
1813,1904,245,6/6/2019,
1814,1905,228,5/29/2018,NULL
1815,1906,245,5/29/2019,
1816,1907,245,6/10/2019,
1817,1908,118,6/11/2019,
1818,1909,245,6/13/2019,
1819,1910,245,6/14/2019,
1820,1911,245,6/17/2019,
1821,1912,245,6/18/2019,
1822,1913,118,6/19/2019,core
1823,1914,245,6/19/2019,
1824,1915,245,6/20/2019,
1825,1916,305,6/21/2019,core
1826,1917,245,6/21/2019,
1827,1918,245,6/24/2019,NULL
1828,1919,245,6/25/2019,NULL
1829,1920,299,6/26/2019,NULL
1830,1921,245,6/28/2019,NULL
1831,1922,245,7/1/2019,NULL
1832,1923,17,7/1/2019,
1833,1924,113,7/2/2019,core
1834,1926,282,7/2/2019,
1835,1927,245,7/2/2019,
1836,1928,245,7/3/2019,
1837,1929,63,7/3/2019,NULL
1838,1930,245,7/3/2019,
1839,1931,248,7/5/2019,
1840,1932,307,7/9/2019,
1841,1933,164,7/9/2019,core
1842,1934,66,7/10/2019,
1843,1935,271,7/10/2019,core
1844,1936,168,7/11/2019,core
1845,1937,68,7/12/2019,
1846,1938,176,7/12/2019,core
1847,1939,149,7/15/2019,core
1848,1940,73,7/15/2019,
1849,1941,245,7/15/2019,
1850,1942,245,7/16/2019,
1851,1943,73,7/16/2019,
1852,1944,272,7/18/2019,
1853,1945,245,7/17/2019,
1854,1946,245,7/18/2019,
1855,1947,176,7/19/2019,core
1856,1949,245,7/22/2019,
1857,1950,299,7/22/2019,
1858,1951,245,7/23/2019,
1859,1952,245,7/23/2019,NULL
1860,1953,245,7/24/2019,NULL
1861,1954,31,7/24/2019,
1862,1955,245,7/25/2019,NULL
1863,1956,271,7/25/2019,core
1864,1957,234,7/26/2019,NULL
1865,1958,118,7/26/2019,
1866,1959,304,7/30/2019,NULL
1867,1960,272,8/1/2019,NULL
1868,1961,149,8/2/2019,
1869,1963,245,8/8/2019,
1870,1964,15,8/8/2019,
1871,1965,295,8/9/2019,
1872,1966,245,8/9/2019,
1873,1967,166,8/12/2019,
1874,1968,245,8/12/2019,
1875,1969,271,8/13/2019,core
1876,1970,169,8/13/2019,
1877,1971,308,8/14/2019,
1878,1972,308,8/14/2019,
1879,1973,36,8/14/2019,
1880,1974,248,8/15/2019,
1881,1975,248,8/16/2019,
1882,1976,245,8/19/2019,
1883,1977,68,8/19/2019,
1884,1979,51,8/21/2019,core
1885,1980,245,8/21/2019,
1886,1981,245,8/22/2019,
1887,1982,166,8/23/2019,core
1888,1983,283,8/23/2019,
1889,1984,295,8/26/2019,
1890,1985,295,8/26/2019,
1891,1986,295,8/26/2019,
1892,1987,295,8/26/2019,
1893,1988,245,8/26/2019,
1894,1989,68,8/26/2019,
1895,1990,245,8/27/2019,
1896,1991,219,8/28/2019,user prep
1897,1992,245,8/28/2019,
1898,1993,245,8/29/2019,
1899,1994,245,9/4/2019,
1900,1995,163,9/4/2019,
1901,1996,245,9/5/2019,
1902,1997,66,9/5/2019,
1903,1998,245,9/5/2019,
1904,1999,68,9/6/2019,
1905,2000,118,9/10/2019,
1906,2001,234,9/10/2019,
1907,2002,163,9/11/2019,
1908,2003,68,9/12/2019,
1909,2004,245,9/12/2019,
1910,2005,15,9/13/2019,user prep
1911,2006,245,9/16/2019,
1912,2008,245,9/17/2019,
1913,2009,272,9/18/2019,
1914,2010,245,9/18/2019,
1915,2011,66,9/19/2019,
1916,2012,163,9/19/2019,
1917,2013,132,9/20/2019,user prep
1918,2014,305,9/20/2019,
1919,2015,33,9/20/2019,
1920,2016,248,9/20/2019,
1921,2017,113,9/20/2019,core
1922,2018,245,9/23/2019,
1923,2019,149,9/23/2019,core
1924,2020,68,9/23/2019,
1925,2021,91,9/23/2019,core
1926,2022,245,9/23/2019,
1927,2024,245,9/24/2019,
1928,2025,31,9/25/2019,core
1929,2026,245,9/25/2019,user prep
1930,2027,15,9/26/2019,user prep
1931,2028,36,9/27/2019,
1932,2029,15,9/30/2019,
1933,2030,234,10/1/2019,core
1934,2031,245,10/1/2019,
1935,2032,65,10/1/2019,NULL
1936,2033,289,10/2/2019,core
1937,2034,240,10/2/2019,
1938,2036,166,10/3/2019,user prep
1939,2037,143,10/3/2019,NULL
1940,2038,289,10/8/2019,core
1941,2039,311,10/9/2019,
1942,2040,132,10/9/2019,user prep
1943,2041,245,10/10/2019,NULL
1944,2042,245,10/10/2019,NULL
1945,2043,245,10/10/2019,
1946,2044,248,10/10/2019,user prep
1947,2045,248,10/10/2019,user prep
1948,2046,312,10/11/2019,core
1949,2047,118,10/11/2019,core
1950,2048,149,10/11/2019,core
1951,2049,245,10/11/2019,user prep
1952,2050,122,10/15/2019,core
1953,2051,271,10/16/2019,core
1954,2052,122,10/16/2019,core
1955,2053,313,10/17/2019,core
1956,2054,68,10/21/2019,user prep
1957,2055,15,10/22/2019,user prep
1958,2056,309,10/22/2019,user prep
1959,2057,301,10/23/2019,core
1960,2058,132,10/23/2019,user prep
1961,2059,272,10/24/2019,user prep
1962,2060,245,10/24/2019,user prep
1963,2061,245,10/29/2019,
1964,2062,66,10/29/2019,core
1965,2063,245,10/29/2019,NULL
1966,2064,163,10/30/2019,core
1967,2065,240,10/31/2019,user prep
1968,2066,176,10/30/2019,user prep
1969,2067,303,10/28/2019,core
1970,2070,245,10/31/2019,user prep
1971,2071,245,10/31/2019,user prep
1972,2072,176,11/4/2019,user prep
1973,2073,248,11/4/2019,user prep
1974,2074,122,11/4/2019,NULL
1975,2075,122,11/4/2019,NULL
1976,2076,149,11/7/2019,core
1977,2078,245,11/8/2019,NULL
1978,2079,245,11/9/2019,NULL
1979,2080,91,11/11/2019,core
1980,2081,245,11/11/2019,user prep
1981,2082,31,11/11/2019,core
1982,2083,51,11/12/2019,core
1983,2084,163,11/12/2019,core
1984,2085,314,11/12/2019,core
1985,2086,234,11/12/2019,core
1986,2087,245,11/12/2019,
1987,2088,245,11/13/2019,NULL
1988,2089,248,11/13/2019,user prep
1989,2090,113,11/14/2019,core
1990,2091,245,11/14/2019,NULL
1991,2092,245,11/18/2019,
1992,2093,245,11/19/2019,NULL
1993,2094,15,11/20/2019,
1994,2095,248,11/20/2019,user prep
1995,2096,36,11/20/2019,
1996,2097,118,11/21/2019,core
1997,2098,15,11/21/2019,
1998,2099,302,11/26/2019,user prep
1999,2100,194,11/27/2019,user prep
2000,2101,245,12/2/2019,NULL
2001,2102,66,12/2/2019,core
2002,2103,245,12/3/2019,NULL
2003,2104,149,12/3/2019,core
2004,2105,315,12/4/2019,
2005,2106,315,12/4/2019,
2006,2107,245,12/4/2019,NULL
2007,2108,15,12/5/2019,NULL
2008,2109,244,12/6/2019,user prep
2009,2110,245,12/9/2019,
2010,2111,271,12/9/2019,NULL
2011,2112,271,12/9/2019,NULL
2012,2114,245,12/10/2019,user prep
2013,2115,245,12/10/2019,user prep
2014,2116,102,12/10/2019,
2015,2117,245,12/10/2019,
2016,2118,316,12/11/2019,
2017,2119,245,12/12/2019,NULL
2018,2120,66,12/12/2019,core
2019,2121,245,12/12/2019,
2020,2122,132,12/13/2019,user prep
2021,2123,302,12/13/2019,user prep
2022,2124,86,12/13/2019,user prep
2023,2125,245,12/16/2019,
2024,2127,303,12/17/2019,
2025,2128,113,12/18/2019,core
2026,2129,113,12/18/2019,
2027,2130,271,12/18/2019,
2028,2131,234,12/18/2019,
2029,2132,317,12/18/2019,core
2030,2133,122,12/18/2019,core
2031,2134,132,12/13/2019,user prep
2032,2135,132,12/13/2019,user prep
2033,2136,132,12/13/2019,user prep
2034,2137,132,12/13/2019,user prep
2035,2138,79,12/20/2019,core
2036,2139,289,12/20/2019,core
2037,2140,245,12/20/2019,core
2038,2141,245,12/20/2019,core
2039,2142,245,12/20/2019,core
2040,2143,15,12/20/2019,core
2041,2144,15,12/20/2019,core
2042,2145,289,12/20/2019,NULL
2043,2146,245,12/26/2019,
2044,2147,245,12/26/2019,user prep
2045,2148,51,12/27/2019,
2046,2149,51,12/27/2019,
2047,2150,51,12/27/2019,
2048,2151,86,12/27/2019,user prep
2049,2152,245,1/6/2020,NULL
2050,2153,122,1/8/2020,core
2051,2154,248,1/8/2020,
2052,2155,163,1/9/2020,core
2053,2156,237,1/9/2020,user prep
2054,2157,91,1/9/2020,core
2055,2158,248,1/9/2020,user prep
2056,2159,245,1/13/2020,user prep
2057,2160,245,1/14/2020,
2058,2161,15,1/15/2020,
2059,2162,176,1/14/2020,user prep
2060,2163,284,1/15/2020,
2061,2164,302,1/16/2020,
2062,2166,245,1/23/2020,
2063,2167,86,1/24/2020,
2064,2168,245,1/24/2020,
2065,2169,66,1/24/2020,
2066,2170,245,1/27/2020,
2067,2171,285,1/28/2020,
2068,2172,271,1/28/2020,
2069,2173,318,1/28/2020,user prep
2070,2174,245,1/29/2020,
2071,2175,219,1/30/2020,
2072,2176,166,1/30/2020,
2073,2177,284,1/31/2020,
2074,2178,245,1/31/2020,NULL
2075,2179,66,2/3/2020,
2076,2180,33,2/4/2020,
2077,2181,272,2/4/2020,
2078,2182,245,2/6/2020,
2079,2185,245,2/10/2020,
2080,2186,51,2/10/2020,
2081,2187,51,2/10/2020,
2082,2188,17,2/10/2020,
2083,2189,15,2/11/2020,
2084,2190,245,2/12/2020,
2085,2191,245,2/11/2020,
2086,2192,15,2/11/2020,
2087,2193,51,2/13/2020,core
2088,2194,15,2/13/2020,
2089,2195,113,2/10/2020,core
2090,2196,245,2/14/2020,NULL
2091,2197,245,2/18/2020,NULL
2092,2198,245,2/19/2020,NULL
2093,2199,283,2/20/2020,
2094,2200,245,2/20/2020,NULL
2095,2201,245,2/21/2020,NULL
2096,2202,245,2/24/2020,NULL
2097,2203,245,2/25/2020,
2098,2204,245,2/26/2020,
2099,2205,77,2/26/2020,
2100,2206,245,2/27/2020,
2101,2207,7,3/2/2020,
2102,2208,272,3/2/2020,NULL
2103,2209,245,3/2/2020,
2104,2210,163,3/2/2020,NULL
2105,2211,15,3/4/2020,
2106,2212,82,3/4/2020,
2107,2214,163,3/4/2020,
2108,2215,319,3/4/2020,
2109,2216,15,3/4/2020,
2110,2217,245,3/5/2020,
2111,2218,245,3/5/2020,
2112,2219,118,3/3/2020,
2113,2220,245,3/7/2020,
2114,2221,245,3/9/2020,
2115,2222,312,3/9/2020,
2116,2223,312,3/9/2020,
2117,2224,245,3/9/2020,
2118,2225,118,3/9/2020,
2119,2226,176,3/9/2020,
2120,2227,315,3/9/2020,
2121,2228,245,3/10/2020,
2122,2229,272,3/11/2020,
2123,2230,113,3/11/2020,NULL
2124,2231,248,3/9/2020,
2125,2232,245,3/16/2020,
2126,2233,245,3/17/2020,
2127,2234,272,3/18/2020,
2128,2235,320,3/18/2020,
2129,2236,245,4/1/2020,
2130,2237,245,4/3/2020,
2131,2238,245,4/15/2020,
2132,2239,294,4/17/2020,
2133,2240,294,4/22/2020,
2134,2241,245,4/22/2020,
2135,2242,245,4/25/2020,
2136,2243,294,4/28/2020,
2137,2244,15,4/30/2020,
2138,2245,294,5/1/2020,
2139,2246,294,5/4/2020,
2140,2248,245,5/4/2020,
2141,2249,15,5/6/2020,
2142,2250,294,5/7/2020,
2143,2251,300,5/11/2020,
2144,2252,294,5/11/2020,
2145,2253,245,5/12/2020,
2146,2255,322,5/13/2020,NULL
2147,2256,245,5/12/2020,
2148,2257,245,3/6/2020,NULL
2149,2258,245,5/14/2020,
2150,2259,294,5/14/2020,
2151,2260,113,5/14/2020,core
2152,2261,15,5/14/2020,
2153,2262,235,5/19/2020,
2154,2263,15,5/21/2020,NULL
2155,2264,294,5/26/2020,NULL
2156,2265,244,5/29/2020,
2157,2266,68,5/29/2020,
2158,2267,7,3/2/2020,
2159,2268,324,6/1/2020,
2160,2269,245,6/1/2020,NULL
2161,2270,294,6/4/2020,NULL
2162,2271,118,6/5/2020,
2163,2272,245,6/8/2020,NULL
2164,2273,15,6/8/2020,NULL
2165,2274,272,6/10/2020,NULL
2166,2275,283,6/12/2020,
2167,2276,294,6/12/2020,NULL
2168,2277,245,6/13/2020,
2169,2278,245,6/15/2020,NULL
2170,2279,245,6/15/2020,NULL
2171,2280,86,6/16/2020,
2172,2281,245,6/16/2020,NULL
2173,2282,245,6/17/2020,NULL
2174,2283,234,6/17/2020,
2175,2284,163,6/17/2020,
2176,2285,272,6/18/2020,NULL
2177,2286,245,6/18/2020,
2178,2287,294,6/20/2020,
2179,2288,245,6/22/2020,
2180,2289,248,6/23/2020,
2181,2290,245,6/24/2020,
2182,2291,245,6/25/2020,NULL
2183,2292,15,6/25/2020,NULL
2184,2293,294,6/26/2020,
2185,2294,15,6/26/2020,NULL
2186,2295,294,6/27/2020,
2187,2296,245,6/29/2020,
2188,2297,245,6/30/2020,
2189,2298,248,7/1/2020,
2190,2299,245,7/1/2020,
2191,2300,312,7/1/2020,
2192,2301,245,7/2/2020,
2193,2302,294,7/3/2020,
2194,2303,66,7/4/2020,
2195,2304,326,7/4/2020,
2196,2305,66,7/4/2020,
2197,2306,15,7/2/2020,
2198,2307,248,7/6/2020,
2199,2308,245,7/7/2020,
2200,2309,245,7/7/2020,
2201,2310,105,7/7/2020,user prep
2202,2311,132,7/8/2020,
2203,2312,248,7/10/2020,
2204,2313,122,7/10/2020,
2205,2314,294,7/11/2020,NULL
2206,2315,245,7/13/2020,
2207,2316,294,7/14/2020,NULL
2208,2317,15,7/14/2020,
2209,2318,245,7/15/2020,
2210,2319,245,7/16/2020,
2211,2320,66,7/16/2020,
2212,2321,294,7/17/2020,NULL
2213,2322,15,7/21/2020,
2214,2323,166,7/21/2020,
2215,2324,245,7/22/2020,
2216,2325,122,7/24/2020,core
2217,2326,294,7/24/2020,
2218,2327,48,7/27/2020,
2219,2328,312,7/28/2020,
2220,2329,113,7/29/2020,
2221,2330,77,7/29/2020,NULL
2222,2331,248,7/30/2020,
2223,2332,15,7/30/2020,
2224,2334,319,7/30/2020,
2225,2335,15,7/30/2020,
2226,2336,303,7/31/2020,
2227,2337,245,8/3/2020,
2228,2338,77,8/3/2020,NULL
2229,2339,245,8/3/2020,
2230,2340,79,8/5/2020,
2231,2341,68,8/5/2020,
2232,2342,248,8/6/2020,
2233,2343,245,8/6/2020,
2234,2344,15,8/7/2020,NULL
2235,2345,294,8/7/2020,
2236,2346,163,8/10/2020,
2237,2347,245,8/10/2020,
2238,2348,245,8/10/2020,
2239,2349,15,8/11/2020,
2240,2350,298,8/11/2020,
2241,2351,327,8/11/2020,NULL
2242,2352,248,8/12/2020,
2243,2353,245,8/12/2020,
2244,2354,245,8/13/2020,
2245,2355,272,8/13/2020,
2246,2356,245,8/14/2020,
2247,2357,294,8/15/2020,
2248,2358,163,8/17/2020,
2249,2359,15,8/17/2020,
2250,2360,245,8/17/2020,
2251,2361,15,8/18/2020,
2252,2362,119,8/19/2020,
2253,2363,15,8/20/2020,
2254,2364,15,8/20/2020,
2255,2365,15,8/20/2020,
2256,2366,245,8/21/2020,
2257,2367,248,8/25/2020,NULL
2258,2368,248,8/25/2020,NULL
2259,2369,245,8/28/2020,
2260,2370,294,8/28/2020,NULL
2261,2371,245,8/28/2020,
2262,2372,283,8/31/2020,
2263,2373,15,9/1/2020,NULL
2264,2374,15,9/1/2020,
2265,2375,329,9/1/2020,user prep
2266,2376,330,9/3/2020,NULL
2267,2377,15,9/3/2020,
2268,2378,15,9/3/2020,NULL
2269,2379,299,9/4/2020,NULL
2270,2380,312,9/4/2020,
2271,2381,294,9/5/2020,NULL
2272,2382,194,9/9/2020,
2273,2383,248,8/10/2020,
2274,2384,248,8/3/2020,
2275,2385,298,9/10/2020,NULL
2276,2386,312,9/11/2020,
2277,2387,132,9/7/2020,
2278,2388,245,9/14/2020,
2279,2389,245,9/14/2020,
2280,2390,51,9/11/2020,
2281,2391,331,9/14/2020,
2282,2392,294,9/15/2020,
2283,2393,248,9/14/2020,
2284,2394,248,9/16/2020,
2285,2395,68,9/18/2020,
2286,2396,15,9/21/2020,
2287,2397,122,9/22/2020,core
2288,2398,245,9/22/2020,
2289,2399,245,9/24/2020,
2290,2400,245,9/27/2020,
2291,2401,245,9/28/2020,NULL
2292,2402,245,9/28/2020,
2293,2403,113,9/29/2020,NULL
2294,2404,245,9/29/2020,
2295,2406,294,9/29/2020,NULL
2296,2407,123,9/29/2020,NULL
2297,2408,245,9/30/2020,
2298,2409,245,10/1/2020,
2299,2410,163,10/1/2020,NULL
2300,2411,194,10/1/2020,NULL
2301,2412,245,10/2/2020,
2302,2413,248,10/2/2020,NULL
2303,2414,245,10/5/2020,
2304,2415,15,10/6/2020,
2305,2416,15,10/6/2020,
2306,2417,245,10/7/2020,
2307,2418,329,10/7/2020,user prep
2308,2419,329,10/7/2020,user prep
2309,2420,245,10/8/2020,NULL
2310,2421,294,10/10/2020,NULL
2311,2422,248,10/7/2020,NULL
2312,2423,245,10/14/2020,
2313,2424,272,10/15/2020,NULL
2314,2425,294,10/16/2020,NULL
2315,2426,245,10/19/2020,NULL
2316,2427,272,10/20/2020,NULL
2317,2428,122,10/20/2020,core
2318,2429,149,10/20/2020,
2319,2430,119,10/21/2020,
2320,2431,105,10/21/2020,
2321,2432,66,10/22/2020,NULL
2322,2433,105,10/22/2020,
2323,2434,105,10/22/2020,user prep
2324,2435,294,10/23/2020,
2325,2436,122,10/27/2020,
2326,2437,245,10/28/2020,NULL
2327,2438,105,10/28/2020,
2328,2439,164,10/28/2020,core
2329,2441,248,10/29/2020,
2330,2442,248,10/29/2020,
2331,2443,105,11/2/2020,
2332,2444,294,11/3/2020,
2333,2445,68,11/4/2020,
2334,2446,119,11/4/2020,
2335,2447,194,11/5/2020,
2336,2448,329,11/5/2020,user prep
2337,2449,51,11/9/2020,
2338,2450,245,11/9/2020,
2339,2451,15,11/10/2020,
2340,2452,36,11/12/2020,
2341,2453,294,11/14/2020,NULL
2342,2454,15,11/16/2020,
2343,2455,333,11/17/2020,
2344,2456,68,11/17/2020,
2345,2457,119,11/18/2020,
2346,2458,245,11/19/2020,NULL
2347,2459,245,11/20/2020,NULL
2348,2460,17,11/20/2020,
2349,2461,294,11/21/2020,
2350,2463,337,11/24/2020,
2351,2464,329,11/24/2020,user prep
2352,2465,331,11/24/2020,NULL
2353,2466,333,11/24/2020,
2354,2468,123,11/25/2020,
2355,2469,335,12/1/2020,
2356,2470,15,12/2/2020,
2357,2471,245,12/2/2020,NULL
2358,2472,194,12/2/2020,
2359,2473,15,12/3/2020,
2360,2474,294,12/4/2020,NULL
2361,2475,245,12/7/2020,
2362,2476,336,12/9/2020,
2363,2477,248,12/11/2020,
2364,2478,122,12/9/2020,core
2365,2479,248,12/11/2020,
2366,2480,245,12/11/2020,
2367,2481,248,12/11/2020,NULL
2368,2484,105,12/11/2020,
2369,2485,294,12/12/2020,
2370,2486,66,12/15/2020,
2371,2487,333,12/21/2020,NULL
2372,2488,15,12/18/2020,
2373,2489,15,12/18/2020,
2374,2490,294,12/19/2020,NULL
2375,2491,245,12/21/2020,NULL
2376,2492,245,12/21/2020,
2377,2494,244,12/21/2020,core
2378,2495,17,12/21/2020,
2379,2496,294,12/22/2020,NULL
2380,2497,15,12/23/2020,
2381,2498,198,12/24/2020,
2382,2499,105,12/24/2020,
2383,2500,15,12/24/2020,
2384,2501,118,12/28/2020,
2385,2502,198,12/29/2020,NULL
2386,2503,132,12/29/2020,user prep
2387,2504,245,1/5/2021,
2388,2505,245,1/5/2021,NULL
2389,2506,51,1/5/2021,
2390,2507,294,1/6/2021,NULL
2391,2508,15,1/6/2021,
2392,2509,245,1/8/2021,
2393,2510,245,1/8/2021,NULL
2394,2511,294,1/8/2021,NULL
2395,2512,245,1/11/2021,
2396,2513,245,1/12/2021,
2397,2514,245,1/13/2021,
2398,2515,77,1/14/2021,user prep
2399,2516,294,1/15/2021,
2400,2517,245,1/21/2021,
2401,2518,66,1/21/2021,
2402,2519,66,1/21/2021,
2403,2520,66,1/21/2021,
2404,2521,333,1/22/2021,
2405,2522,15,1/25/2021,
2406,2523,171,1/26/2021,
2407,2524,36,1/28/2021,
2408,2525,329,1/28/2021,user prep
2409,2526,245,1/29/2021,
2410,2527,283,1/29/2021,
2411,2529,15,2/1/2021,
2412,2530,51,2/2/2021,
2413,2531,338,2/2/2021,
2414,2532,132,2/2/2021,NULL
2415,2533,66,2/2/2021,
2416,2536,245,2/5/2021,
2417,2537,245,2/8/2021,
2418,2538,245,2/9/2021,
2419,2539,245,2/11/2021,
2420,2540,245,2/11/2021,
2421,2541,198,2/16/2021,
2422,2542,68,2/16/2021,
2423,2543,245,2/17/2021,
2424,2544,166,2/18/2021,
2425,2545,245,2/18/2021,
2426,2546,244,2/18/2021,
2427,2547,234,2/18/2021,
2428,2548,132,2/19/2021,user prep
2429,2549,118,2/19/2021,
2430,2550,245,2/22/2021,
2431,2551,340,2/26/2021,
2432,2552,329,3/2/2021,
2433,2553,51,3/5/2021,
2434,2554,302,3/8/2021,
2435,2555,194,3/10/2021,
2436,2556,168,3/11/2021,
2437,2557,245,3/12/2021,
2438,2558,36,3/15/2021,
2439,2559,245,3/18/2021,
2440,2560,105,3/18/2021,
2441,2561,132,3/18/2021,NULL
2442,2562,163,3/22/2021,NULL
2443,2563,164,3/22/2021,
2444,2564,198,3/22/2021,
2445,2565,122,3/23/2021,
2446,2566,208,3/23/2021,
2447,2567,49,3/23/2021,NULL
2448,2568,208,3/23/2021,NULL
2449,2569,248,3/24/2021,
2450,2570,245,3/26/2021,
2451,2571,105,3/22/2021,
2452,2572,15,3/29/2021,
2453,2573,326,3/30/2021,
2454,2574,68,3/30/2021,
2455,2575,122,4/2/2021,NULL
2456,2576,248,4/2/2021,
2457,2577,329,4/5/2021,
2458,2578,329,4/5/2021,
2459,2579,329,4/5/2021,
2460,2580,66,4/6/2021,NULL
2461,2582,248,4/6/2021,NULL
2462,2583,66,4/6/2021,NULL
2463,2585,245,4/6/2021,
2464,2586,198,3/25/2021,
2465,2587,245,4/7/2021,
2466,2588,15,4/8/2021,
2467,2589,122,4/12/2021,NULL
2468,2590,49,4/14/2021,
2469,2591,245,4/15/2021,
2470,2592,309,4/15/2021,NULL
2471,2593,312,6/8/2021,NULL
2472,2594,317,4/19/2021,
2473,2595,329,4/19/2021,NULL
2474,2596,66,4/20/2021,NULL
2475,2597,342,4/20/2021,NULL
2476,2598,132,4/20/2021,NULL
2477,2599,248,4/20/2021,NULL
2478,2600,119,4/20/2021,NULL
2479,2601,171,4/20/2021,NULL
2480,2602,245,4/21/2021,NULL
2481,2603,163,4/22/2021,NULL
2482,2604,51,4/22/2021,NULL
2483,2605,329,4/22/2021,NULL
2484,2606,198,4/23/2021,NULL
2485,2607,248,4/23/2021,NULL
2486,2608,208,4/27/2021,NULL
2487,2609,66,4/27/2021,NULL
2488,2610,343,4/29/2021,NULL
2489,2611,15,5/3/2021,NULL
2490,2612,119,5/3/2021,NULL
2491,2613,122,5/3/2021,NULL
2492,2614,248,5/3/2021,NULL
2493,2616,248,5/4/2021,NULL
2494,2617,295,5/4/2021,NULL
2495,2618,338,5/13/2021,NULL
2496,2619,283,5/14/2021,NULL
2497,2620,305,5/14/2021,NULL
2498,2621,305,5/14/2021,NULL
2499,2622,15,5/17/2021,NULL
2500,2623,309,5/18/2021,NULL
2501,2624,198,5/18/2021,NULL
2502,2625,198,5/19/2021,NULL
2503,2626,248,5/19/2021,NULL
2504,2627,166,5/25/2021,NULL
2505,2628,340,5/25/2021,NULL
2506,2629,77,5/26/2021,NULL
2507,2630,320,5/26/2021,NULL
2508,2631,15,5/27/2021,NULL
2509,2632,248,5/28/2021,NULL
2510,2633,198,5/28/2021,NULL
2511,2634,326,6/7/2021,NULL
2512,2636,248,6/9/2021,NULL
2513,2637,51,6/9/2021,NULL
2514,2638,302,6/9/2021,NULL
2515,2639,66,6/10/2021,NULL
2516,2640,86,6/11/2021,NULL
2517,2641,344,6/11/2021,NULL
2518,2642,194,6/14/2021,NULL
2519,2643,122,6/14/2021,NULL
2520,2644,198,6/15/2021,NULL
2521,2645,66,6/21/2021,NULL
2522,2647,15,6/22/2021,NULL
2523,2648,194,6/22/2021,NULL
2524,2650,345,6/23/2021,NULL
2525,2651,66,6/23/2021,NULL
2526,2652,15,6/28/2021,NULL
2527,2653,309,6/29/2021,NULL
2528,2654,105,7/2/2021,NULL
2529,2655,51,7/6/2021,NULL
2530,2656,122,7/6/2021,NULL
2531,2657,163,7/8/2021,NULL
2532,2658,248,7/8/2021,NULL
2533,2659,171,7/12/2021,NULL
2534,2660,326,7/13/2021,NULL
2535,2662,163,7/15/2021,NULL
2536,2663,122,7/15/2021,NULL
2537,2664,122,7/19/2021,NULL
2538,2665,122,7/22/2021,NULL
2539,2666,15,7/22/2021,NULL
2540,2667,86,7/22/2021,NULL
2541,2668,344,7/22/2021,NULL
2542,2669,51,7/26/2021,NULL
2543,2671,119,7/26/2021,NULL
2544,2672,49,7/27/2021,NULL
2545,2673,119,7/27/2021,NULL
2546,2674,122,8/3/2021,NULL
2547,2675,51,8/3/2021,NULL
2548,2676,105,8/3/2021,NULL
2549,2677,194,8/5/2021,NULL
2550,2678,15,8/5/2021,NULL
2551,2679,346,8/10/2021,NULL
2552,2680,15,8/10/2021,NULL
2553,2682,15,8/12/2021,NULL
2554,2683,309,8/16/2021,NULL
2555,2684,346,8/17/2021,NULL
2556,2685,15,8/17/2021,NULL
2557,2686,347,8/17/2021,NULL
2558,2687,348,8/17/2021,NULL
2559,2688,171,8/18/2021,NULL
2560,2689,347,8/19/2021,NULL
2561,2690,15,8/23/2021,NULL
2562,2691,86,8/23/2021,NULL
2563,2692,349,8/24/2021,NULL
2564,2693,350,8/30/2021,NULL
2565,2694,119,9/1/2021,NULL
2566,2695,248,9/1/2021,NULL
2567,2696,194,9/1/2021,NULL
2568,2697,51,9/1/2021,NULL
2569,2698,51,9/1/2021,NULL
2570,2699,166,9/1/2021,NULL
2571,2700,15,9/2/2021,NULL
2572,2701,335,9/2/2021,NULL
2573,2702,198,9/8/2021,NULL
2574,2703,248,9/8/2021,NULL
2575,2704,350,9/9/2021,NULL
2576,2705,15,9/13/2021,NULL
2577,2706,279,9/13/2021,NULL
2578,2707,105,9/13/2021,NULL
2579,2708,15,9/15/2021,NULL
2580,2709,15,9/16/2021,NULL
2581,2710,136,9/16/2021,NULL
2582,2711,194,9/22/2021,NULL
2583,2712,347,9/27/2021,NULL
2584,2713,248,9/28/2021,NULL
2585,2714,122,9/28/2021,NULL
2586,2715,51,9/28/2021,NULL
2587,2716,66,9/28/2021,NULL
2588,2717,66,9/28/2021,NULL
2589,2718,66,9/28/2021,NULL
2590,2719,234,9/29/2021,NULL
2591,2720,234,9/29/2021,NULL
2592,2721,348,9/30/2021,NULL
2593,2722,122,10/4/2021,NULL
2594,2723,51,10/6/2021,NULL
2595,2724,248,10/6/2021,NULL
2596,2725,68,10/6/2021,NULL
2597,2726,105,10/6/2021,NULL
2598,2727,248,10/6/2021,NULL
2599,2728,346,10/6/2021,NULL
2600,2729,15,10/11/2021,NULL
2601,2730,122,10/12/2021,NULL
2602,2731,51,10/12/2021,NULL
2603,2733,17,10/14/2021,NULL
2604,2734,345,10/18/2021,NULL
2605,2735,347,9/27/2021,NULL
2606,2736,305,10/11/2021,NULL
2607,2737,305,10/15/2021,NULL
2608,2738,15,10/19/2021,NULL
2609,2739,349,10/27/2021,NULL
2610,2740,335,10/29/2021,NULL
2611,2741,346,11/1/2021,NULL
2612,2742,66,11/1/2021,NULL
2613,2743,15,11/3/2021,NULL
2614,2744,346,11/3/2021,NULL
2615,2745,66,11/4/2021,NULL
2616,2746,122,11/8/2021,NULL
2617,2747,105,11/11/2021,NULL
2618,2748,351,11/12/2021,NULL
2619,2749,347,11/16/2021,NULL
2620,2750,86,11/16/2021,NULL
2621,2751,234,11/18/2021,NULL
2622,2752,347,11/19/2021,NULL
2623,2753,335,11/19/2021,NULL
2624,2754,352,11/19/2021,NULL
2625,2755,346,11/19/2021,NULL
2626,2756,163,11/19/2021,NULL
2627,2758,164,11/29/2021,NULL
2628,2759,119,11/30/2021,NULL
2629,2760,51,11/30/2021,NULL
2630,2761,312,11/30/2021,NULL
2631,2762,51,11/30/2021,NULL
2632,2763,51,11/30/2021,NULL
2633,2764,132,11/30/2021,NULL
2634,2765,15,12/1/2021,NULL
2635,2766,68,12/1/2021,NULL
2636,2767,51,12/1/2021,NULL
2637,2768,312,12/2/2021,NULL
2638,2769,122,12/3/2021,NULL
2639,2770,51,12/3/2021,NULL
2640,2771,305,12/6/2021,NULL
2641,2772,66,12/6/2021,NULL
2642,2773,346,12/6/2021,NULL
2643,2774,353,12/7/2021,NULL
2644,2775,15,12/8/2021,NULL
2645,2776,347,12/9/2021,NULL
2646,2777,15,12/16/2021,NULL
2647,2778,248,12/15/2021,NULL
2648,2779,105,12/15/2021,NULL
2649,2780,248,12/15/2021,NULL
2650,2781,347,12/16/2021,NULL
2651,2782,66,12/22/2021,NULL
2652,2783,346,12/22/2021,NULL
2653,2784,335,12/22/2021,NULL
2654,2785,15,1/4/2022,NULL
2655,2786,346,1/10/2022,NULL
2656,2787,66,1/10/2022,NULL
2657,2788,122,1/10/2022,NULL
2658,2789,66,1/11/2022,NULL
2659,2790,15,1/12/2022,NULL
2660,2791,316,1/13/2022,NULL
2661,2792,149,1/13/2022,NULL
2662,2793,105,1/13/2022,NULL
2663,2794,122,1/13/2022,NULL
2664,2795,347,1/19/2022,NULL
2665,2796,66,1/19/2022,NULL
2666,2797,346,1/20/2022,NULL
